"feat1","feat2","feat3","feat4","feat5","feat6","feat7","feat8","feat9"
0.879246711731,-0.854557514191,0.881503582001,0.646807134151,-0.519863128662,0.931479454041,-0.662498056889,-0.902567744255,0.673276722431
0.879246711731,-0.854557514191,0.881503582001,0.646807134151,-0.519863128662,0.931479454041,-0.662498056889,-0.902567744255,0.673276722431
0.879246711731,-0.854557514191,0.881503582001,0.646807134151,-0.519863128662,0.931479454041,-0.662498056889,-0.902567744255,0.673276722431
0.879246711731,-0.854557514191,0.881503582001,0.646807134151,-0.519863128662,0.931479454041,-0.662498056889,-0.902567744255,0.673276722431
0.879246711731,-0.854557514191,0.881503582001,0.646807134151,-0.519863128662,0.931479454041,-0.662498056889,-0.902567744255,0.673276722431
0.879246711731,-0.854557514191,0.881503582001,0.646807134151,-0.519863128662,0.931479454041,-0.662498056889,-0.902567744255,0.673276722431
0.879246711731,-0.854557514191,0.881503582001,0.646807134151,-0.519863128662,0.931479454041,-0.662498056889,-0.902567744255,0.673276722431
0.879246711731,-0.854557514191,0.881503582001,0.646807134151,-0.519863128662,0.931479454041,-0.662498056889,-0.902567744255,0.673276722431
0.879246711731,-0.854557514191,0.881503582001,0.646807134151,-0.519863128662,0.931479454041,-0.662498056889,-0.902567744255,0.673276722431
0.879246711731,-0.854557514191,0.881503582001,0.646807134151,-0.519863128662,0.931479454041,-0.662498056889,-0.902567744255,0.673276722431
0.879246711731,-0.854557514191,0.881503582001,0.646807134151,-0.519863128662,0.931479454041,-0.662498056889,-0.902567744255,0.673276722431
0.879246711731,-0.854557514191,0.881503582001,0.646807134151,-0.519863128662,0.931479454041,-0.662498056889,-0.902567744255,0.673276722431
0.879246711731,-0.854557514191,0.881503582001,0.646807134151,-0.519863128662,0.931479454041,-0.662498056889,-0.902567744255,0.673276722431
0.879246711731,-0.854557514191,0.881503582001,0.646807134151,-0.519863128662,0.931479454041,-0.662498056889,-0.902567744255,0.673276722431
0.879246711731,-0.854557514191,0.881503582001,0.646807134151,-0.519863128662,0.931479454041,-0.662498056889,-0.902567744255,0.673276722431
0.879246711731,-0.854557514191,0.881503582001,0.646807134151,-0.519863128662,0.931479454041,-0.662498056889,-0.902567744255,0.673276722431
0.879246711731,-0.854557514191,0.881503582001,0.646807134151,-0.519863128662,0.931479454041,-0.662498056889,-0.902567744255,0.673276722431
0.879246711731,-0.854557514191,0.881503582001,0.646807134151,-0.519863128662,0.931479454041,-0.662498056889,-0.902567744255,0.673276722431
0.879246711731,-0.854557514191,0.881503582001,0.646807134151,-0.519863128662,0.931479454041,-0.662498056889,-0.902567744255,0.673276722431
0.879246711731,-0.854557514191,0.881503582001,0.646807134151,-0.519863128662,0.931479454041,-0.662498056889,-0.902567744255,0.673276722431
-0.802666425705,0.110417477787,0.557496190071,-0.85558873415,-0.8252581954,0.702047109604,0.301883041859,-0.532913804054,0.828520953655
-0.802666425705,0.110417477787,0.557496190071,-0.85558873415,-0.8252581954,0.702047109604,0.301883041859,-0.532913804054,0.828520953655
-0.802666425705,0.110417477787,0.557496190071,-0.85558873415,-0.8252581954,0.702047109604,0.301883041859,-0.532913804054,0.828520953655
-0.802666425705,0.110417477787,0.557496190071,-0.85558873415,-0.8252581954,0.702047109604,0.301883041859,-0.532913804054,0.828520953655
-0.802666425705,0.110417477787,0.557496190071,-0.85558873415,-0.8252581954,0.702047109604,0.301883041859,-0.532913804054,0.828520953655
-0.802666425705,0.110417477787,0.557496190071,-0.85558873415,-0.8252581954,0.702047109604,0.301883041859,-0.532913804054,0.828520953655
-0.802666425705,0.110417477787,0.557496190071,-0.85558873415,-0.8252581954,0.702047109604,0.301883041859,-0.532913804054,0.828520953655
-0.802666425705,0.110417477787,0.557496190071,-0.85558873415,-0.8252581954,0.702047109604,0.301883041859,-0.532913804054,0.828520953655
-0.802666425705,0.110417477787,0.557496190071,-0.85558873415,-0.8252581954,0.702047109604,0.301883041859,-0.532913804054,0.828520953655
-0.802666425705,0.110417477787,0.557496190071,-0.85558873415,-0.8252581954,0.702047109604,0.301883041859,-0.532913804054,0.828520953655
-0.802666425705,0.110417477787,0.557496190071,-0.85558873415,-0.8252581954,0.702047109604,0.301883041859,-0.532913804054,0.828520953655
-0.802666425705,0.110417477787,0.557496190071,-0.85558873415,-0.8252581954,0.702047109604,0.301883041859,-0.532913804054,0.828520953655
-0.802666425705,0.110417477787,0.557496190071,-0.85558873415,-0.8252581954,0.702047109604,0.301883041859,-0.532913804054,0.828520953655
-0.802666425705,0.110417477787,0.557496190071,-0.85558873415,-0.8252581954,0.702047109604,0.301883041859,-0.532913804054,0.828520953655
-0.802666425705,0.110417477787,0.557496190071,-0.85558873415,-0.8252581954,0.702047109604,0.301883041859,-0.532913804054,0.828520953655
-0.802666425705,0.110417477787,0.557496190071,-0.85558873415,-0.8252581954,0.702047109604,0.301883041859,-0.532913804054,0.828520953655
-0.802666425705,0.110417477787,0.557496190071,-0.85558873415,-0.8252581954,0.702047109604,0.301883041859,-0.532913804054,0.828520953655
-0.257433027029,0.786761701107,0.868242383003,-0.550655901432,-0.903968632221,0.84830057621,-0.563646316528,0.838058888912,-0.846208691597
-0.257433027029,0.786761701107,0.868242383003,-0.550655901432,-0.903968632221,0.84830057621,-0.563646316528,0.838058888912,-0.846208691597
-0.257433027029,0.786761701107,0.868242383003,-0.550655901432,-0.903968632221,0.84830057621,-0.563646316528,0.838058888912,-0.846208691597
-0.257433027029,0.786761701107,0.868242383003,-0.550655901432,-0.903968632221,0.84830057621,-0.563646316528,0.838058888912,-0.846208691597
-0.257433027029,0.786761701107,0.868242383003,-0.550655901432,-0.903968632221,0.84830057621,-0.563646316528,0.838058888912,-0.846208691597
-0.257433027029,0.786761701107,0.868242383003,-0.550655901432,-0.903968632221,0.84830057621,-0.563646316528,0.838058888912,-0.846208691597
-0.257433027029,0.786761701107,0.868242383003,-0.550655901432,-0.903968632221,0.84830057621,-0.563646316528,0.838058888912,-0.846208691597
-0.257433027029,0.786761701107,0.868242383003,-0.550655901432,-0.903968632221,0.84830057621,-0.563646316528,0.838058888912,-0.846208691597
-0.257433027029,0.786761701107,0.868242383003,-0.550655901432,-0.903968632221,0.84830057621,-0.563646316528,0.838058888912,-0.846208691597
0.337290674448,-0.573569715023,-0.848968207836,0.886705636978,-0.81699860096,0.157602593303,-0.859514951706,-0.825394690037,0.797054350376
0.337290674448,-0.573569715023,-0.848968207836,0.886705636978,-0.81699860096,0.157602593303,-0.859514951706,-0.825394690037,0.797054350376
0.337290674448,-0.573569715023,-0.848968207836,0.886705636978,-0.81699860096,0.157602593303,-0.859514951706,-0.825394690037,0.797054350376
0.337290674448,-0.573569715023,-0.848968207836,0.886705636978,-0.81699860096,0.157602593303,-0.859514951706,-0.825394690037,0.797054350376
0.337290674448,-0.573569715023,-0.848968207836,0.886705636978,-0.81699860096,0.157602593303,-0.859514951706,-0.825394690037,0.797054350376
0.337290674448,-0.573569715023,-0.848968207836,0.886705636978,-0.81699860096,0.157602593303,-0.859514951706,-0.825394690037,0.797054350376
0.337290674448,-0.573569715023,-0.848968207836,0.886705636978,-0.81699860096,0.157602593303,-0.859514951706,-0.825394690037,0.797054350376
0.337290674448,-0.573569715023,-0.848968207836,0.886705636978,-0.81699860096,0.157602593303,-0.859514951706,-0.825394690037,0.797054350376
0.337290674448,-0.573569715023,-0.848968207836,0.886705636978,-0.81699860096,0.157602593303,-0.859514951706,-0.825394690037,0.797054350376
0.337290674448,-0.573569715023,-0.848968207836,0.886705636978,-0.81699860096,0.157602593303,-0.859514951706,-0.825394690037,0.797054350376
0.337290674448,-0.573569715023,-0.848968207836,0.886705636978,-0.81699860096,0.157602593303,-0.859514951706,-0.825394690037,0.797054350376
0.337290674448,-0.573569715023,-0.848968207836,0.886705636978,-0.81699860096,0.157602593303,-0.859514951706,-0.825394690037,0.797054350376
0.337290674448,-0.573569715023,-0.848968207836,0.886705636978,-0.81699860096,0.157602593303,-0.859514951706,-0.825394690037,0.797054350376
0.337290674448,-0.573569715023,-0.848968207836,0.886705636978,-0.81699860096,0.157602593303,-0.859514951706,-0.825394690037,0.797054350376
0.337290674448,-0.573569715023,-0.848968207836,0.886705636978,-0.81699860096,0.157602593303,-0.859514951706,-0.825394690037,0.797054350376
0.337290674448,-0.573569715023,-0.848968207836,0.886705636978,-0.81699860096,0.157602593303,-0.859514951706,-0.825394690037,0.797054350376
0.337290674448,-0.573569715023,-0.848968207836,0.886705636978,-0.81699860096,0.157602593303,-0.859514951706,-0.825394690037,0.797054350376
0.337290674448,-0.573569715023,-0.848968207836,0.886705636978,-0.81699860096,0.157602593303,-0.859514951706,-0.825394690037,0.797054350376
0.337290674448,-0.573569715023,-0.848968207836,0.886705636978,-0.81699860096,0.157602593303,-0.859514951706,-0.825394690037,0.797054350376
0.337290674448,-0.573569715023,-0.848968207836,0.886705636978,-0.81699860096,0.157602593303,-0.859514951706,-0.825394690037,0.797054350376
0.559040248394,0.332312613726,-0.896803021431,-0.918544709682,-0.828405976295,0.945076882839,0.0556465424597,-0.797375142574,0.788088679314
0.559040248394,0.332312613726,-0.896803021431,-0.918544709682,-0.828405976295,0.945076882839,0.0556465424597,-0.797375142574,0.788088679314
0.559040248394,0.332312613726,-0.896803021431,-0.918544709682,-0.828405976295,0.945076882839,0.0556465424597,-0.797375142574,0.788088679314
0.559040248394,0.332312613726,-0.896803021431,-0.918544709682,-0.828405976295,0.945076882839,0.0556465424597,-0.797375142574,0.788088679314
0.559040248394,0.332312613726,-0.896803021431,-0.918544709682,-0.828405976295,0.945076882839,0.0556465424597,-0.797375142574,0.788088679314
0.559040248394,0.332312613726,-0.896803021431,-0.918544709682,-0.828405976295,0.945076882839,0.0556465424597,-0.797375142574,0.788088679314
0.559040248394,0.332312613726,-0.896803021431,-0.918544709682,-0.828405976295,0.945076882839,0.0556465424597,-0.797375142574,0.788088679314
0.559040248394,0.332312613726,-0.896803021431,-0.918544709682,-0.828405976295,0.945076882839,0.0556465424597,-0.797375142574,0.788088679314
0.559040248394,0.332312613726,-0.896803021431,-0.918544709682,-0.828405976295,0.945076882839,0.0556465424597,-0.797375142574,0.788088679314
0.559040248394,0.332312613726,-0.896803021431,-0.918544709682,-0.828405976295,0.945076882839,0.0556465424597,-0.797375142574,0.788088679314
0.559040248394,0.332312613726,-0.896803021431,-0.918544709682,-0.828405976295,0.945076882839,0.0556465424597,-0.797375142574,0.788088679314
0.559040248394,0.332312613726,-0.896803021431,-0.918544709682,-0.828405976295,0.945076882839,0.0556465424597,-0.797375142574,0.788088679314
0.559040248394,0.332312613726,-0.896803021431,-0.918544709682,-0.828405976295,0.945076882839,0.0556465424597,-0.797375142574,0.788088679314
0.559040248394,0.332312613726,-0.896803021431,-0.918544709682,-0.828405976295,0.945076882839,0.0556465424597,-0.797375142574,0.788088679314
0.559040248394,0.332312613726,-0.896803021431,-0.918544709682,-0.828405976295,0.945076882839,0.0556465424597,-0.797375142574,0.788088679314
0.559040248394,0.332312613726,-0.896803021431,-0.918544709682,-0.828405976295,0.945076882839,0.0556465424597,-0.797375142574,0.788088679314
0.559040248394,0.332312613726,-0.896803021431,-0.918544709682,-0.828405976295,0.945076882839,0.0556465424597,-0.797375142574,0.788088679314
0.559040248394,0.332312613726,-0.896803021431,-0.918544709682,-0.828405976295,0.945076882839,0.0556465424597,-0.797375142574,0.788088679314
0.559040248394,0.332312613726,-0.896803021431,-0.918544709682,-0.828405976295,0.945076882839,0.0556465424597,-0.797375142574,0.788088679314
0.559040248394,0.332312613726,-0.896803021431,-0.918544709682,-0.828405976295,0.945076882839,0.0556465424597,-0.797375142574,0.788088679314
0.559040248394,0.332312613726,-0.896803021431,-0.918544709682,-0.828405976295,0.945076882839,0.0556465424597,-0.797375142574,0.788088679314
0.809588551521,0.69268733263,-0.818825423717,-0.884380280972,0.775458872318,0.846423566341,-0.790488183498,0.631417632103,0.839948773384
0.809588551521,0.69268733263,-0.818825423717,-0.884380280972,0.775458872318,0.846423566341,-0.790488183498,0.631417632103,0.839948773384
0.809588551521,0.69268733263,-0.818825423717,-0.884380280972,0.775458872318,0.846423566341,-0.790488183498,0.631417632103,0.839948773384
0.809588551521,0.69268733263,-0.818825423717,-0.884380280972,0.775458872318,0.846423566341,-0.790488183498,0.631417632103,0.839948773384
0.809588551521,0.69268733263,-0.818825423717,-0.884380280972,0.775458872318,0.846423566341,-0.790488183498,0.631417632103,0.839948773384
0.809588551521,0.69268733263,-0.818825423717,-0.884380280972,0.775458872318,0.846423566341,-0.790488183498,0.631417632103,0.839948773384
0.809588551521,0.69268733263,-0.818825423717,-0.884380280972,0.775458872318,0.846423566341,-0.790488183498,0.631417632103,0.839948773384
0.809588551521,0.69268733263,-0.818825423717,-0.884380280972,0.775458872318,0.846423566341,-0.790488183498,0.631417632103,0.839948773384
0.809588551521,0.69268733263,-0.818825423717,-0.884380280972,0.775458872318,0.846423566341,-0.790488183498,0.631417632103,0.839948773384
0.809588551521,0.69268733263,-0.818825423717,-0.884380280972,0.775458872318,0.846423566341,-0.790488183498,0.631417632103,0.839948773384
0.809588551521,0.69268733263,-0.818825423717,-0.884380280972,0.775458872318,0.846423566341,-0.790488183498,0.631417632103,0.839948773384
0.809588551521,0.69268733263,-0.818825423717,-0.884380280972,0.775458872318,0.846423566341,-0.790488183498,0.631417632103,0.839948773384
0.809588551521,0.69268733263,-0.818825423717,-0.884380280972,0.775458872318,0.846423566341,-0.790488183498,0.631417632103,0.839948773384
0.809588551521,0.69268733263,-0.818825423717,-0.884380280972,0.775458872318,0.846423566341,-0.790488183498,0.631417632103,0.839948773384
0.809588551521,0.69268733263,-0.818825423717,-0.884380280972,0.775458872318,0.846423566341,-0.790488183498,0.631417632103,0.839948773384
0.809588551521,0.69268733263,-0.818825423717,-0.884380280972,0.775458872318,0.846423566341,-0.790488183498,0.631417632103,0.839948773384
-0.629321098328,-0.684367775917,-0.898349761963,0.475360095501,0.836870253086,0.862957239151,0.927136003971,-0.47212049365,0.614874541759
-0.629321098328,-0.684367775917,-0.898349761963,0.475360095501,0.836870253086,0.862957239151,0.927136003971,-0.47212049365,0.614874541759
-0.629321098328,-0.684367775917,-0.898349761963,0.475360095501,0.836870253086,0.862957239151,0.927136003971,-0.47212049365,0.614874541759
-0.629321098328,-0.684367775917,-0.898349761963,0.475360095501,0.836870253086,0.862957239151,0.927136003971,-0.47212049365,0.614874541759
-0.629321098328,-0.684367775917,-0.898349761963,0.475360095501,0.836870253086,0.862957239151,0.927136003971,-0.47212049365,0.614874541759
-0.629321098328,-0.684367775917,-0.898349761963,0.475360095501,0.836870253086,0.862957239151,0.927136003971,-0.47212049365,0.614874541759
-0.629321098328,-0.684367775917,-0.898349761963,0.475360095501,0.836870253086,0.862957239151,0.927136003971,-0.47212049365,0.614874541759
-0.629321098328,-0.684367775917,-0.898349761963,0.475360095501,0.836870253086,0.862957239151,0.927136003971,-0.47212049365,0.614874541759
-0.629321098328,-0.684367775917,-0.898349761963,0.475360095501,0.836870253086,0.862957239151,0.927136003971,-0.47212049365,0.614874541759
-0.629321098328,-0.684367775917,-0.898349761963,0.475360095501,0.836870253086,0.862957239151,0.927136003971,-0.47212049365,0.614874541759
-0.629321098328,-0.684367775917,-0.898349761963,0.475360095501,0.836870253086,0.862957239151,0.927136003971,-0.47212049365,0.614874541759
-0.629321098328,-0.684367775917,-0.898349761963,0.475360095501,0.836870253086,0.862957239151,0.927136003971,-0.47212049365,0.614874541759
-0.629321098328,-0.684367775917,-0.898349761963,0.475360095501,0.836870253086,0.862957239151,0.927136003971,-0.47212049365,0.614874541759
-0.629321098328,-0.684367775917,-0.898349761963,0.475360095501,0.836870253086,0.862957239151,0.927136003971,-0.47212049365,0.614874541759
-0.629321098328,-0.684367775917,-0.898349761963,0.475360095501,0.836870253086,0.862957239151,0.927136003971,-0.47212049365,0.614874541759
-0.629321098328,-0.684367775917,-0.898349761963,0.475360095501,0.836870253086,0.862957239151,0.927136003971,-0.47212049365,0.614874541759
-0.629321098328,-0.684367775917,-0.898349761963,0.475360095501,0.836870253086,0.862957239151,0.927136003971,-0.47212049365,0.614874541759
-0.629321098328,-0.684367775917,-0.898349761963,0.475360095501,0.836870253086,0.862957239151,0.927136003971,-0.47212049365,0.614874541759
-0.629321098328,-0.684367775917,-0.898349761963,0.475360095501,0.836870253086,0.862957239151,0.927136003971,-0.47212049365,0.614874541759
0.652915716171,-0.902661025524,-0.719728469849,0.795635044575,0.688201069832,0.890433967113,0.852462887764,-0.883633971214,-0.779609560966
0.652915716171,-0.902661025524,-0.719728469849,0.795635044575,0.688201069832,0.890433967113,0.852462887764,-0.883633971214,-0.779609560966
0.652915716171,-0.902661025524,-0.719728469849,0.795635044575,0.688201069832,0.890433967113,0.852462887764,-0.883633971214,-0.779609560966
0.652915716171,-0.902661025524,-0.719728469849,0.795635044575,0.688201069832,0.890433967113,0.852462887764,-0.883633971214,-0.779609560966
0.652915716171,-0.902661025524,-0.719728469849,0.795635044575,0.688201069832,0.890433967113,0.852462887764,-0.883633971214,-0.779609560966
0.652915716171,-0.902661025524,-0.719728469849,0.795635044575,0.688201069832,0.890433967113,0.852462887764,-0.883633971214,-0.779609560966
0.652915716171,-0.902661025524,-0.719728469849,0.795635044575,0.688201069832,0.890433967113,0.852462887764,-0.883633971214,-0.779609560966
0.652915716171,-0.902661025524,-0.719728469849,0.795635044575,0.688201069832,0.890433967113,0.852462887764,-0.883633971214,-0.779609560966
0.652915716171,-0.902661025524,-0.719728469849,0.795635044575,0.688201069832,0.890433967113,0.852462887764,-0.883633971214,-0.779609560966
0.652915716171,-0.902661025524,-0.719728469849,0.795635044575,0.688201069832,0.890433967113,0.852462887764,-0.883633971214,-0.779609560966
0.652915716171,-0.902661025524,-0.719728469849,0.795635044575,0.688201069832,0.890433967113,0.852462887764,-0.883633971214,-0.779609560966
0.652915716171,-0.902661025524,-0.719728469849,0.795635044575,0.688201069832,0.890433967113,0.852462887764,-0.883633971214,-0.779609560966
0.652915716171,-0.902661025524,-0.719728469849,0.795635044575,0.688201069832,0.890433967113,0.852462887764,-0.883633971214,-0.779609560966
0.652915716171,-0.902661025524,-0.719728469849,0.795635044575,0.688201069832,0.890433967113,0.852462887764,-0.883633971214,-0.779609560966
0.652915716171,-0.902661025524,-0.719728469849,0.795635044575,0.688201069832,0.890433967113,0.852462887764,-0.883633971214,-0.779609560966
0.652915716171,-0.902661025524,-0.719728469849,0.795635044575,0.688201069832,0.890433967113,0.852462887764,-0.883633971214,-0.779609560966
0.652915716171,-0.902661025524,-0.719728469849,0.795635044575,0.688201069832,0.890433967113,0.852462887764,-0.883633971214,-0.779609560966
0.652915716171,-0.902661025524,-0.719728469849,0.795635044575,0.688201069832,0.890433967113,0.852462887764,-0.883633971214,-0.779609560966
0.801601946354,-0.697300076485,0.689798951149,-0.71050286293,0.783854484558,-0.802681624889,0.92230618,0.372713774443,0.510065674782
0.801601946354,-0.697300076485,0.689798951149,-0.71050286293,0.783854484558,-0.802681624889,0.92230618,0.372713774443,0.510065674782
0.801601946354,-0.697300076485,0.689798951149,-0.71050286293,0.783854484558,-0.802681624889,0.92230618,0.372713774443,0.510065674782
0.801601946354,-0.697300076485,0.689798951149,-0.71050286293,0.783854484558,-0.802681624889,0.92230618,0.372713774443,0.510065674782
0.801601946354,-0.697300076485,0.689798951149,-0.71050286293,0.783854484558,-0.802681624889,0.92230618,0.372713774443,0.510065674782
0.801601946354,-0.697300076485,0.689798951149,-0.71050286293,0.783854484558,-0.802681624889,0.92230618,0.372713774443,0.510065674782
0.801601946354,-0.697300076485,0.689798951149,-0.71050286293,0.783854484558,-0.802681624889,0.92230618,0.372713774443,0.510065674782
0.801601946354,-0.697300076485,0.689798951149,-0.71050286293,0.783854484558,-0.802681624889,0.92230618,0.372713774443,0.510065674782
0.801601946354,-0.697300076485,0.689798951149,-0.71050286293,0.783854484558,-0.802681624889,0.92230618,0.372713774443,0.510065674782
0.801601946354,-0.697300076485,0.689798951149,-0.71050286293,0.783854484558,-0.802681624889,0.92230618,0.372713774443,0.510065674782
0.801601946354,-0.697300076485,0.689798951149,-0.71050286293,0.783854484558,-0.802681624889,0.92230618,0.372713774443,0.510065674782
0.801601946354,-0.697300076485,0.689798951149,-0.71050286293,0.783854484558,-0.802681624889,0.92230618,0.372713774443,0.510065674782
0.801601946354,-0.697300076485,0.689798951149,-0.71050286293,0.783854484558,-0.802681624889,0.92230618,0.372713774443,0.510065674782
0.801601946354,-0.697300076485,0.689798951149,-0.71050286293,0.783854484558,-0.802681624889,0.92230618,0.372713774443,0.510065674782
0.0863453000784,0.483123153448,-0.447214752436,0.793848514557,-0.919012188911,0.213912829757,0.846766889095,0.498055547476,0.77522701025
0.0863453000784,0.483123153448,-0.447214752436,0.793848514557,-0.919012188911,0.213912829757,0.846766889095,0.498055547476,0.77522701025
0.0863453000784,0.483123153448,-0.447214752436,0.793848514557,-0.919012188911,0.213912829757,0.846766889095,0.498055547476,0.77522701025
0.0863453000784,0.483123153448,-0.447214752436,0.793848514557,-0.919012188911,0.213912829757,0.846766889095,0.498055547476,0.77522701025
0.0863453000784,0.483123153448,-0.447214752436,0.793848514557,-0.919012188911,0.213912829757,0.846766889095,0.498055547476,0.77522701025
0.0863453000784,0.483123153448,-0.447214752436,0.793848514557,-0.919012188911,0.213912829757,0.846766889095,0.498055547476,0.77522701025
0.0863453000784,0.483123153448,-0.447214752436,0.793848514557,-0.919012188911,0.213912829757,0.846766889095,0.498055547476,0.77522701025
0.0863453000784,0.483123153448,-0.447214752436,0.793848514557,-0.919012188911,0.213912829757,0.846766889095,0.498055547476,0.77522701025
0.0863453000784,0.483123153448,-0.447214752436,0.793848514557,-0.919012188911,0.213912829757,0.846766889095,0.498055547476,0.77522701025
0.0863453000784,0.483123153448,-0.447214752436,0.793848514557,-0.919012188911,0.213912829757,0.846766889095,0.498055547476,0.77522701025
0.0863453000784,0.483123153448,-0.447214752436,0.793848514557,-0.919012188911,0.213912829757,0.846766889095,0.498055547476,0.77522701025
0.0863453000784,0.483123153448,-0.447214752436,0.793848514557,-0.919012188911,0.213912829757,0.846766889095,0.498055547476,0.77522701025
0.0863453000784,0.483123153448,-0.447214752436,0.793848514557,-0.919012188911,0.213912829757,0.846766889095,0.498055547476,0.77522701025
0.0863453000784,0.483123153448,-0.447214752436,0.793848514557,-0.919012188911,0.213912829757,0.846766889095,0.498055547476,0.77522701025
0.0863453000784,0.483123153448,-0.447214752436,0.793848514557,-0.919012188911,0.213912829757,0.846766889095,0.498055547476,0.77522701025
0.0863453000784,0.483123153448,-0.447214752436,0.793848514557,-0.919012188911,0.213912829757,0.846766889095,0.498055547476,0.77522701025
0.0863453000784,0.483123153448,-0.447214752436,0.793848514557,-0.919012188911,0.213912829757,0.846766889095,0.498055547476,0.77522701025
0.0863453000784,0.483123153448,-0.447214752436,0.793848514557,-0.919012188911,0.213912829757,0.846766889095,0.498055547476,0.77522701025
0.0863453000784,0.483123153448,-0.447214752436,0.793848514557,-0.919012188911,0.213912829757,0.846766889095,0.498055547476,0.77522701025
0.0863453000784,0.483123153448,-0.447214752436,0.793848514557,-0.919012188911,0.213912829757,0.846766889095,0.498055547476,0.77522701025
0.786994636059,-0.804438829422,0.777232408524,0.828801393509,0.862092554569,-0.691237807274,0.791377782822,-0.642791092396,0.829079985619
0.786994636059,-0.804438829422,0.777232408524,0.828801393509,0.862092554569,-0.691237807274,0.791377782822,-0.642791092396,0.829079985619
0.786994636059,-0.804438829422,0.777232408524,0.828801393509,0.862092554569,-0.691237807274,0.791377782822,-0.642791092396,0.829079985619
0.786994636059,-0.804438829422,0.777232408524,0.828801393509,0.862092554569,-0.691237807274,0.791377782822,-0.642791092396,0.829079985619
0.786994636059,-0.804438829422,0.777232408524,0.828801393509,0.862092554569,-0.691237807274,0.791377782822,-0.642791092396,0.829079985619
0.786994636059,-0.804438829422,0.777232408524,0.828801393509,0.862092554569,-0.691237807274,0.791377782822,-0.642791092396,0.829079985619
0.786994636059,-0.804438829422,0.777232408524,0.828801393509,0.862092554569,-0.691237807274,0.791377782822,-0.642791092396,0.829079985619
0.786994636059,-0.804438829422,0.777232408524,0.828801393509,0.862092554569,-0.691237807274,0.791377782822,-0.642791092396,0.829079985619
0.786994636059,-0.804438829422,0.777232408524,0.828801393509,0.862092554569,-0.691237807274,0.791377782822,-0.642791092396,0.829079985619
0.786994636059,-0.804438829422,0.777232408524,0.828801393509,0.862092554569,-0.691237807274,0.791377782822,-0.642791092396,0.829079985619
0.786994636059,-0.804438829422,0.777232408524,0.828801393509,0.862092554569,-0.691237807274,0.791377782822,-0.642791092396,0.829079985619
0.786994636059,-0.804438829422,0.777232408524,0.828801393509,0.862092554569,-0.691237807274,0.791377782822,-0.642791092396,0.829079985619
0.786994636059,-0.804438829422,0.777232408524,0.828801393509,0.862092554569,-0.691237807274,0.791377782822,-0.642791092396,0.829079985619
0.786994636059,-0.804438829422,0.777232408524,0.828801393509,0.862092554569,-0.691237807274,0.791377782822,-0.642791092396,0.829079985619
0.786994636059,-0.804438829422,0.777232408524,0.828801393509,0.862092554569,-0.691237807274,0.791377782822,-0.642791092396,0.829079985619
0.786994636059,-0.804438829422,0.777232408524,0.828801393509,0.862092554569,-0.691237807274,0.791377782822,-0.642791092396,0.829079985619
0.786994636059,-0.804438829422,0.777232408524,0.828801393509,0.862092554569,-0.691237807274,0.791377782822,-0.642791092396,0.829079985619
0.786994636059,-0.804438829422,0.777232408524,0.828801393509,0.862092554569,-0.691237807274,0.791377782822,-0.642791092396,0.829079985619
0.786994636059,-0.804438829422,0.777232408524,0.828801393509,0.862092554569,-0.691237807274,0.791377782822,-0.642791092396,0.829079985619
0.786994636059,-0.804438829422,0.777232408524,0.828801393509,0.862092554569,-0.691237807274,0.791377782822,-0.642791092396,0.829079985619
0.739248633385,-0.326223909855,0.869192361832,0.900800585747,-0.765067815781,0.140613302588,0.899971604347,0.877086758614,-0.417713403702
0.739248633385,-0.326223909855,0.869192361832,0.900800585747,-0.765067815781,0.140613302588,0.899971604347,0.877086758614,-0.417713403702
0.739248633385,-0.326223909855,0.869192361832,0.900800585747,-0.765067815781,0.140613302588,0.899971604347,0.877086758614,-0.417713403702
0.739248633385,-0.326223909855,0.869192361832,0.900800585747,-0.765067815781,0.140613302588,0.899971604347,0.877086758614,-0.417713403702
0.739248633385,-0.326223909855,0.869192361832,0.900800585747,-0.765067815781,0.140613302588,0.899971604347,0.877086758614,-0.417713403702
0.739248633385,-0.326223909855,0.869192361832,0.900800585747,-0.765067815781,0.140613302588,0.899971604347,0.877086758614,-0.417713403702
0.739248633385,-0.326223909855,0.869192361832,0.900800585747,-0.765067815781,0.140613302588,0.899971604347,0.877086758614,-0.417713403702
0.739248633385,-0.326223909855,0.869192361832,0.900800585747,-0.765067815781,0.140613302588,0.899971604347,0.877086758614,-0.417713403702
0.739248633385,-0.326223909855,0.869192361832,0.900800585747,-0.765067815781,0.140613302588,0.899971604347,0.877086758614,-0.417713403702
0.739248633385,-0.326223909855,0.869192361832,0.900800585747,-0.765067815781,0.140613302588,0.899971604347,0.877086758614,-0.417713403702
0.739248633385,-0.326223909855,0.869192361832,0.900800585747,-0.765067815781,0.140613302588,0.899971604347,0.877086758614,-0.417713403702
0.739248633385,-0.326223909855,0.869192361832,0.900800585747,-0.765067815781,0.140613302588,0.899971604347,0.877086758614,-0.417713403702
0.739248633385,-0.326223909855,0.869192361832,0.900800585747,-0.765067815781,0.140613302588,0.899971604347,0.877086758614,-0.417713403702
0.739248633385,-0.326223909855,0.869192361832,0.900800585747,-0.765067815781,0.140613302588,0.899971604347,0.877086758614,-0.417713403702
0.785383701324,-0.44670176506,0.324206322432,0.445710510015,-0.835434675217,-0.841664075851,0.89556324482,0.010110033676,0.936177015305
0.785383701324,-0.44670176506,0.324206322432,0.445710510015,-0.835434675217,-0.841664075851,0.89556324482,0.010110033676,0.936177015305
0.785383701324,-0.44670176506,0.324206322432,0.445710510015,-0.835434675217,-0.841664075851,0.89556324482,0.010110033676,0.936177015305
0.785383701324,-0.44670176506,0.324206322432,0.445710510015,-0.835434675217,-0.841664075851,0.89556324482,0.010110033676,0.936177015305
0.785383701324,-0.44670176506,0.324206322432,0.445710510015,-0.835434675217,-0.841664075851,0.89556324482,0.010110033676,0.936177015305
0.785383701324,-0.44670176506,0.324206322432,0.445710510015,-0.835434675217,-0.841664075851,0.89556324482,0.010110033676,0.936177015305
0.785383701324,-0.44670176506,0.324206322432,0.445710510015,-0.835434675217,-0.841664075851,0.89556324482,0.010110033676,0.936177015305
0.785383701324,-0.44670176506,0.324206322432,0.445710510015,-0.835434675217,-0.841664075851,0.89556324482,0.010110033676,0.936177015305
0.785383701324,-0.44670176506,0.324206322432,0.445710510015,-0.835434675217,-0.841664075851,0.89556324482,0.010110033676,0.936177015305
0.785383701324,-0.44670176506,0.324206322432,0.445710510015,-0.835434675217,-0.841664075851,0.89556324482,0.010110033676,0.936177015305
0.785383701324,-0.44670176506,0.324206322432,0.445710510015,-0.835434675217,-0.841664075851,0.89556324482,0.010110033676,0.936177015305
0.785383701324,-0.44670176506,0.324206322432,0.445710510015,-0.835434675217,-0.841664075851,0.89556324482,0.010110033676,0.936177015305
0.785383701324,-0.44670176506,0.324206322432,0.445710510015,-0.835434675217,-0.841664075851,0.89556324482,0.010110033676,0.936177015305
0.785383701324,-0.44670176506,0.324206322432,0.445710510015,-0.835434675217,-0.841664075851,0.89556324482,0.010110033676,0.936177015305
0.785383701324,-0.44670176506,0.324206322432,0.445710510015,-0.835434675217,-0.841664075851,0.89556324482,0.010110033676,0.936177015305
0.785383701324,-0.44670176506,0.324206322432,0.445710510015,-0.835434675217,-0.841664075851,0.89556324482,0.010110033676,0.936177015305
0.785383701324,-0.44670176506,0.324206322432,0.445710510015,-0.835434675217,-0.841664075851,0.89556324482,0.010110033676,0.936177015305
0.785383701324,-0.44670176506,0.324206322432,0.445710510015,-0.835434675217,-0.841664075851,0.89556324482,0.010110033676,0.936177015305
0.785383701324,-0.44670176506,0.324206322432,0.445710510015,-0.835434675217,-0.841664075851,0.89556324482,0.010110033676,0.936177015305
0.785383701324,-0.44670176506,0.324206322432,0.445710510015,-0.835434675217,-0.841664075851,0.89556324482,0.010110033676,0.936177015305
0.785383701324,-0.44670176506,0.324206322432,0.445710510015,-0.835434675217,-0.841664075851,0.89556324482,0.010110033676,0.936177015305
-0.749049961567,-0.770670711994,0.747379779816,0.711361289024,0.775712072849,-0.687283098698,-0.703531265259,-0.838719844818,0.908580303192
-0.749049961567,-0.770670711994,0.747379779816,0.711361289024,0.775712072849,-0.687283098698,-0.703531265259,-0.838719844818,0.908580303192
-0.749049961567,-0.770670711994,0.747379779816,0.711361289024,0.775712072849,-0.687283098698,-0.703531265259,-0.838719844818,0.908580303192
-0.749049961567,-0.770670711994,0.747379779816,0.711361289024,0.775712072849,-0.687283098698,-0.703531265259,-0.838719844818,0.908580303192
-0.749049961567,-0.770670711994,0.747379779816,0.711361289024,0.775712072849,-0.687283098698,-0.703531265259,-0.838719844818,0.908580303192
-0.749049961567,-0.770670711994,0.747379779816,0.711361289024,0.775712072849,-0.687283098698,-0.703531265259,-0.838719844818,0.908580303192
-0.749049961567,-0.770670711994,0.747379779816,0.711361289024,0.775712072849,-0.687283098698,-0.703531265259,-0.838719844818,0.908580303192
-0.749049961567,-0.770670711994,0.747379779816,0.711361289024,0.775712072849,-0.687283098698,-0.703531265259,-0.838719844818,0.908580303192
-0.749049961567,-0.770670711994,0.747379779816,0.711361289024,0.775712072849,-0.687283098698,-0.703531265259,-0.838719844818,0.908580303192
-0.749049961567,-0.770670711994,0.747379779816,0.711361289024,0.775712072849,-0.687283098698,-0.703531265259,-0.838719844818,0.908580303192
-0.749049961567,-0.770670711994,0.747379779816,0.711361289024,0.775712072849,-0.687283098698,-0.703531265259,-0.838719844818,0.908580303192
-0.749049961567,-0.770670711994,0.747379779816,0.711361289024,0.775712072849,-0.687283098698,-0.703531265259,-0.838719844818,0.908580303192
-0.749049961567,-0.770670711994,0.747379779816,0.711361289024,0.775712072849,-0.687283098698,-0.703531265259,-0.838719844818,0.908580303192
-0.749049961567,-0.770670711994,0.747379779816,0.711361289024,0.775712072849,-0.687283098698,-0.703531265259,-0.838719844818,0.908580303192
-0.749049961567,-0.770670711994,0.747379779816,0.711361289024,0.775712072849,-0.687283098698,-0.703531265259,-0.838719844818,0.908580303192
-0.749049961567,-0.770670711994,0.747379779816,0.711361289024,0.775712072849,-0.687283098698,-0.703531265259,-0.838719844818,0.908580303192
-0.749049961567,-0.770670711994,0.747379779816,0.711361289024,0.775712072849,-0.687283098698,-0.703531265259,-0.838719844818,0.908580303192
-0.749049961567,-0.770670711994,0.747379779816,0.711361289024,0.775712072849,-0.687283098698,-0.703531265259,-0.838719844818,0.908580303192
-0.749049961567,-0.770670711994,0.747379779816,0.711361289024,0.775712072849,-0.687283098698,-0.703531265259,-0.838719844818,0.908580303192
-0.749049961567,-0.770670711994,0.747379779816,0.711361289024,0.775712072849,-0.687283098698,-0.703531265259,-0.838719844818,0.908580303192
0.823166131973,-0.900294542313,-0.936325252056,0.0934949740767,-0.218693584204,-0.839342057705,0.620686411858,-0.604903101921,-0.271617978811
0.823166131973,-0.900294542313,-0.936325252056,0.0934949740767,-0.218693584204,-0.839342057705,0.620686411858,-0.604903101921,-0.271617978811
0.823166131973,-0.900294542313,-0.936325252056,0.0934949740767,-0.218693584204,-0.839342057705,0.620686411858,-0.604903101921,-0.271617978811
0.823166131973,-0.900294542313,-0.936325252056,0.0934949740767,-0.218693584204,-0.839342057705,0.620686411858,-0.604903101921,-0.271617978811
0.823166131973,-0.900294542313,-0.936325252056,0.0934949740767,-0.218693584204,-0.839342057705,0.620686411858,-0.604903101921,-0.271617978811
0.823166131973,-0.900294542313,-0.936325252056,0.0934949740767,-0.218693584204,-0.839342057705,0.620686411858,-0.604903101921,-0.271617978811
0.823166131973,-0.900294542313,-0.936325252056,0.0934949740767,-0.218693584204,-0.839342057705,0.620686411858,-0.604903101921,-0.271617978811
0.823166131973,-0.900294542313,-0.936325252056,0.0934949740767,-0.218693584204,-0.839342057705,0.620686411858,-0.604903101921,-0.271617978811
0.823166131973,-0.900294542313,-0.936325252056,0.0934949740767,-0.218693584204,-0.839342057705,0.620686411858,-0.604903101921,-0.271617978811
0.823166131973,-0.900294542313,-0.936325252056,0.0934949740767,-0.218693584204,-0.839342057705,0.620686411858,-0.604903101921,-0.271617978811
0.823166131973,-0.900294542313,-0.936325252056,0.0934949740767,-0.218693584204,-0.839342057705,0.620686411858,-0.604903101921,-0.271617978811
0.823166131973,-0.900294542313,-0.936325252056,0.0934949740767,-0.218693584204,-0.839342057705,0.620686411858,-0.604903101921,-0.271617978811
0.823166131973,-0.900294542313,-0.936325252056,0.0934949740767,-0.218693584204,-0.839342057705,0.620686411858,-0.604903101921,-0.271617978811
0.823166131973,-0.900294542313,-0.936325252056,0.0934949740767,-0.218693584204,-0.839342057705,0.620686411858,-0.604903101921,-0.271617978811
0.823166131973,-0.900294542313,-0.936325252056,0.0934949740767,-0.218693584204,-0.839342057705,0.620686411858,-0.604903101921,-0.271617978811
0.823166131973,-0.900294542313,-0.936325252056,0.0934949740767,-0.218693584204,-0.839342057705,0.620686411858,-0.604903101921,-0.271617978811
0.823166131973,-0.900294542313,-0.936325252056,0.0934949740767,-0.218693584204,-0.839342057705,0.620686411858,-0.604903101921,-0.271617978811
0.823166131973,-0.900294542313,-0.936325252056,0.0934949740767,-0.218693584204,-0.839342057705,0.620686411858,-0.604903101921,-0.271617978811
0.823166131973,-0.900294542313,-0.936325252056,0.0934949740767,-0.218693584204,-0.839342057705,0.620686411858,-0.604903101921,-0.271617978811
0.823166131973,-0.900294542313,-0.936325252056,0.0934949740767,-0.218693584204,-0.839342057705,0.620686411858,-0.604903101921,-0.271617978811
-0.784149765968,-0.713188588619,-0.481092810631,0.772250175476,0.375921040773,-0.802255570889,0.126140758395,-0.780357003212,0.255443006754
-0.784149765968,-0.713188588619,-0.481092810631,0.772250175476,0.375921040773,-0.802255570889,0.126140758395,-0.780357003212,0.255443006754
-0.784149765968,-0.713188588619,-0.481092810631,0.772250175476,0.375921040773,-0.802255570889,0.126140758395,-0.780357003212,0.255443006754
-0.784149765968,-0.713188588619,-0.481092810631,0.772250175476,0.375921040773,-0.802255570889,0.126140758395,-0.780357003212,0.255443006754
-0.784149765968,-0.713188588619,-0.481092810631,0.772250175476,0.375921040773,-0.802255570889,0.126140758395,-0.780357003212,0.255443006754
-0.784149765968,-0.713188588619,-0.481092810631,0.772250175476,0.375921040773,-0.802255570889,0.126140758395,-0.780357003212,0.255443006754
-0.784149765968,-0.713188588619,-0.481092810631,0.772250175476,0.375921040773,-0.802255570889,0.126140758395,-0.780357003212,0.255443006754
-0.784149765968,-0.713188588619,-0.481092810631,0.772250175476,0.375921040773,-0.802255570889,0.126140758395,-0.780357003212,0.255443006754
-0.784149765968,-0.713188588619,-0.481092810631,0.772250175476,0.375921040773,-0.802255570889,0.126140758395,-0.780357003212,0.255443006754
-0.784149765968,-0.713188588619,-0.481092810631,0.772250175476,0.375921040773,-0.802255570889,0.126140758395,-0.780357003212,0.255443006754
-0.784149765968,-0.713188588619,-0.481092810631,0.772250175476,0.375921040773,-0.802255570889,0.126140758395,-0.780357003212,0.255443006754
-0.784149765968,-0.713188588619,-0.481092810631,0.772250175476,0.375921040773,-0.802255570889,0.126140758395,-0.780357003212,0.255443006754
-0.784149765968,-0.713188588619,-0.481092810631,0.772250175476,0.375921040773,-0.802255570889,0.126140758395,-0.780357003212,0.255443006754
-0.784149765968,-0.713188588619,-0.481092810631,0.772250175476,0.375921040773,-0.802255570889,0.126140758395,-0.780357003212,0.255443006754
-0.784149765968,-0.713188588619,-0.481092810631,0.772250175476,0.375921040773,-0.802255570889,0.126140758395,-0.780357003212,0.255443006754
-0.784149765968,-0.713188588619,-0.481092810631,0.772250175476,0.375921040773,-0.802255570889,0.126140758395,-0.780357003212,0.255443006754
-0.784149765968,-0.713188588619,-0.481092810631,0.772250175476,0.375921040773,-0.802255570889,0.126140758395,-0.780357003212,0.255443006754
-0.784149765968,-0.713188588619,-0.481092810631,0.772250175476,0.375921040773,-0.802255570889,0.126140758395,-0.780357003212,0.255443006754
-0.784149765968,-0.713188588619,-0.481092810631,0.772250175476,0.375921040773,-0.802255570889,0.126140758395,-0.780357003212,0.255443006754
-0.902839541435,0.671514153481,-0.782781779766,-0.360557645559,-0.867153584957,-0.838068008423,-0.789356350899,-0.81416451931,0.626767098904
-0.902839541435,0.671514153481,-0.782781779766,-0.360557645559,-0.867153584957,-0.838068008423,-0.789356350899,-0.81416451931,0.626767098904
-0.902839541435,0.671514153481,-0.782781779766,-0.360557645559,-0.867153584957,-0.838068008423,-0.789356350899,-0.81416451931,0.626767098904
-0.902839541435,0.671514153481,-0.782781779766,-0.360557645559,-0.867153584957,-0.838068008423,-0.789356350899,-0.81416451931,0.626767098904
-0.902839541435,0.671514153481,-0.782781779766,-0.360557645559,-0.867153584957,-0.838068008423,-0.789356350899,-0.81416451931,0.626767098904
-0.902839541435,0.671514153481,-0.782781779766,-0.360557645559,-0.867153584957,-0.838068008423,-0.789356350899,-0.81416451931,0.626767098904
-0.902839541435,0.671514153481,-0.782781779766,-0.360557645559,-0.867153584957,-0.838068008423,-0.789356350899,-0.81416451931,0.626767098904
-0.902839541435,0.671514153481,-0.782781779766,-0.360557645559,-0.867153584957,-0.838068008423,-0.789356350899,-0.81416451931,0.626767098904
-0.902839541435,0.671514153481,-0.782781779766,-0.360557645559,-0.867153584957,-0.838068008423,-0.789356350899,-0.81416451931,0.626767098904
-0.902839541435,0.671514153481,-0.782781779766,-0.360557645559,-0.867153584957,-0.838068008423,-0.789356350899,-0.81416451931,0.626767098904
-0.902839541435,0.671514153481,-0.782781779766,-0.360557645559,-0.867153584957,-0.838068008423,-0.789356350899,-0.81416451931,0.626767098904
-0.902839541435,0.671514153481,-0.782781779766,-0.360557645559,-0.867153584957,-0.838068008423,-0.789356350899,-0.81416451931,0.626767098904
-0.902839541435,0.671514153481,-0.782781779766,-0.360557645559,-0.867153584957,-0.838068008423,-0.789356350899,-0.81416451931,0.626767098904
-0.902839541435,0.671514153481,-0.782781779766,-0.360557645559,-0.867153584957,-0.838068008423,-0.789356350899,-0.81416451931,0.626767098904
-0.902839541435,0.671514153481,-0.782781779766,-0.360557645559,-0.867153584957,-0.838068008423,-0.789356350899,-0.81416451931,0.626767098904
-0.902839541435,0.671514153481,-0.782781779766,-0.360557645559,-0.867153584957,-0.838068008423,-0.789356350899,-0.81416451931,0.626767098904
-0.902839541435,0.671514153481,-0.782781779766,-0.360557645559,-0.867153584957,-0.838068008423,-0.789356350899,-0.81416451931,0.626767098904
-0.902839541435,0.671514153481,-0.782781779766,-0.360557645559,-0.867153584957,-0.838068008423,-0.789356350899,-0.81416451931,0.626767098904
-0.902839541435,0.671514153481,-0.782781779766,-0.360557645559,-0.867153584957,-0.838068008423,-0.789356350899,-0.81416451931,0.626767098904
-0.902839541435,0.671514153481,-0.782781779766,-0.360557645559,-0.867153584957,-0.838068008423,-0.789356350899,-0.81416451931,0.626767098904
-0.861127316952,-0.75556153059,0.826277017593,0.69751137495,-0.85615837574,-0.721270859241,0.796910524368,-0.843806684017,0.805688738823
-0.861127316952,-0.75556153059,0.826277017593,0.69751137495,-0.85615837574,-0.721270859241,0.796910524368,-0.843806684017,0.805688738823
-0.861127316952,-0.75556153059,0.826277017593,0.69751137495,-0.85615837574,-0.721270859241,0.796910524368,-0.843806684017,0.805688738823
-0.861127316952,-0.75556153059,0.826277017593,0.69751137495,-0.85615837574,-0.721270859241,0.796910524368,-0.843806684017,0.805688738823
-0.861127316952,-0.75556153059,0.826277017593,0.69751137495,-0.85615837574,-0.721270859241,0.796910524368,-0.843806684017,0.805688738823
-0.861127316952,-0.75556153059,0.826277017593,0.69751137495,-0.85615837574,-0.721270859241,0.796910524368,-0.843806684017,0.805688738823
-0.861127316952,-0.75556153059,0.826277017593,0.69751137495,-0.85615837574,-0.721270859241,0.796910524368,-0.843806684017,0.805688738823
-0.861127316952,-0.75556153059,0.826277017593,0.69751137495,-0.85615837574,-0.721270859241,0.796910524368,-0.843806684017,0.805688738823
-0.861127316952,-0.75556153059,0.826277017593,0.69751137495,-0.85615837574,-0.721270859241,0.796910524368,-0.843806684017,0.805688738823
-0.861127316952,-0.75556153059,0.826277017593,0.69751137495,-0.85615837574,-0.721270859241,0.796910524368,-0.843806684017,0.805688738823
-0.861127316952,-0.75556153059,0.826277017593,0.69751137495,-0.85615837574,-0.721270859241,0.796910524368,-0.843806684017,0.805688738823
-0.861127316952,-0.75556153059,0.826277017593,0.69751137495,-0.85615837574,-0.721270859241,0.796910524368,-0.843806684017,0.805688738823
-0.861127316952,-0.75556153059,0.826277017593,0.69751137495,-0.85615837574,-0.721270859241,0.796910524368,-0.843806684017,0.805688738823
-0.861127316952,-0.75556153059,0.826277017593,0.69751137495,-0.85615837574,-0.721270859241,0.796910524368,-0.843806684017,0.805688738823
-0.861127316952,-0.75556153059,0.826277017593,0.69751137495,-0.85615837574,-0.721270859241,0.796910524368,-0.843806684017,0.805688738823
-0.861127316952,-0.75556153059,0.826277017593,0.69751137495,-0.85615837574,-0.721270859241,0.796910524368,-0.843806684017,0.805688738823
-0.861127316952,-0.75556153059,0.826277017593,0.69751137495,-0.85615837574,-0.721270859241,0.796910524368,-0.843806684017,0.805688738823
-0.861127316952,-0.75556153059,0.826277017593,0.69751137495,-0.85615837574,-0.721270859241,0.796910524368,-0.843806684017,0.805688738823
-0.861127316952,-0.75556153059,0.826277017593,0.69751137495,-0.85615837574,-0.721270859241,0.796910524368,-0.843806684017,0.805688738823
-0.861127316952,-0.75556153059,0.826277017593,0.69751137495,-0.85615837574,-0.721270859241,0.796910524368,-0.843806684017,0.805688738823
0.849591255188,-0.801371872425,-0.932252466679,0.817245781422,-0.764008045197,0.591149747372,0.414861738682,0.515582680702,-0.933875858784
0.849591255188,-0.801371872425,-0.932252466679,0.817245781422,-0.764008045197,0.591149747372,0.414861738682,0.515582680702,-0.933875858784
0.849591255188,-0.801371872425,-0.932252466679,0.817245781422,-0.764008045197,0.591149747372,0.414861738682,0.515582680702,-0.933875858784
0.849591255188,-0.801371872425,-0.932252466679,0.817245781422,-0.764008045197,0.591149747372,0.414861738682,0.515582680702,-0.933875858784
0.849591255188,-0.801371872425,-0.932252466679,0.817245781422,-0.764008045197,0.591149747372,0.414861738682,0.515582680702,-0.933875858784
0.849591255188,-0.801371872425,-0.932252466679,0.817245781422,-0.764008045197,0.591149747372,0.414861738682,0.515582680702,-0.933875858784
0.849591255188,-0.801371872425,-0.932252466679,0.817245781422,-0.764008045197,0.591149747372,0.414861738682,0.515582680702,-0.933875858784
0.849591255188,-0.801371872425,-0.932252466679,0.817245781422,-0.764008045197,0.591149747372,0.414861738682,0.515582680702,-0.933875858784
0.849591255188,-0.801371872425,-0.932252466679,0.817245781422,-0.764008045197,0.591149747372,0.414861738682,0.515582680702,-0.933875858784
0.849591255188,-0.801371872425,-0.932252466679,0.817245781422,-0.764008045197,0.591149747372,0.414861738682,0.515582680702,-0.933875858784
0.849591255188,-0.801371872425,-0.932252466679,0.817245781422,-0.764008045197,0.591149747372,0.414861738682,0.515582680702,-0.933875858784
0.849591255188,-0.801371872425,-0.932252466679,0.817245781422,-0.764008045197,0.591149747372,0.414861738682,0.515582680702,-0.933875858784
0.849591255188,-0.801371872425,-0.932252466679,0.817245781422,-0.764008045197,0.591149747372,0.414861738682,0.515582680702,-0.933875858784
0.849591255188,-0.801371872425,-0.932252466679,0.817245781422,-0.764008045197,0.591149747372,0.414861738682,0.515582680702,-0.933875858784
0.849591255188,-0.801371872425,-0.932252466679,0.817245781422,-0.764008045197,0.591149747372,0.414861738682,0.515582680702,-0.933875858784
0.849591255188,-0.801371872425,-0.932252466679,0.817245781422,-0.764008045197,0.591149747372,0.414861738682,0.515582680702,-0.933875858784
0.849591255188,-0.801371872425,-0.932252466679,0.817245781422,-0.764008045197,0.591149747372,0.414861738682,0.515582680702,-0.933875858784
0.849591255188,-0.801371872425,-0.932252466679,0.817245781422,-0.764008045197,0.591149747372,0.414861738682,0.515582680702,-0.933875858784
0.849591255188,-0.801371872425,-0.932252466679,0.817245781422,-0.764008045197,0.591149747372,0.414861738682,0.515582680702,-0.933875858784
0.849591255188,-0.801371872425,-0.932252466679,0.817245781422,-0.764008045197,0.591149747372,0.414861738682,0.515582680702,-0.933875858784
0.849591255188,-0.801371872425,-0.932252466679,0.817245781422,-0.764008045197,0.591149747372,0.414861738682,0.515582680702,-0.933875858784
-0.793851256371,-0.832970738411,0.843706667423,0.896905660629,-0.845674455166,0.65668451786,-0.834541559219,0.598258197308,-0.464558541775
-0.793851256371,-0.832970738411,0.843706667423,0.896905660629,-0.845674455166,0.65668451786,-0.834541559219,0.598258197308,-0.464558541775
-0.793851256371,-0.832970738411,0.843706667423,0.896905660629,-0.845674455166,0.65668451786,-0.834541559219,0.598258197308,-0.464558541775
-0.793851256371,-0.832970738411,0.843706667423,0.896905660629,-0.845674455166,0.65668451786,-0.834541559219,0.598258197308,-0.464558541775
-0.793851256371,-0.832970738411,0.843706667423,0.896905660629,-0.845674455166,0.65668451786,-0.834541559219,0.598258197308,-0.464558541775
-0.793851256371,-0.832970738411,0.843706667423,0.896905660629,-0.845674455166,0.65668451786,-0.834541559219,0.598258197308,-0.464558541775
-0.793851256371,-0.832970738411,0.843706667423,0.896905660629,-0.845674455166,0.65668451786,-0.834541559219,0.598258197308,-0.464558541775
-0.793851256371,-0.832970738411,0.843706667423,0.896905660629,-0.845674455166,0.65668451786,-0.834541559219,0.598258197308,-0.464558541775
-0.793851256371,-0.832970738411,0.843706667423,0.896905660629,-0.845674455166,0.65668451786,-0.834541559219,0.598258197308,-0.464558541775
-0.793851256371,-0.832970738411,0.843706667423,0.896905660629,-0.845674455166,0.65668451786,-0.834541559219,0.598258197308,-0.464558541775
-0.793851256371,-0.832970738411,0.843706667423,0.896905660629,-0.845674455166,0.65668451786,-0.834541559219,0.598258197308,-0.464558541775
-0.793851256371,-0.832970738411,0.843706667423,0.896905660629,-0.845674455166,0.65668451786,-0.834541559219,0.598258197308,-0.464558541775
-0.793851256371,-0.832970738411,0.843706667423,0.896905660629,-0.845674455166,0.65668451786,-0.834541559219,0.598258197308,-0.464558541775
-0.793851256371,-0.832970738411,0.843706667423,0.896905660629,-0.845674455166,0.65668451786,-0.834541559219,0.598258197308,-0.464558541775
-0.793851256371,-0.832970738411,0.843706667423,0.896905660629,-0.845674455166,0.65668451786,-0.834541559219,0.598258197308,-0.464558541775
-0.793851256371,-0.832970738411,0.843706667423,0.896905660629,-0.845674455166,0.65668451786,-0.834541559219,0.598258197308,-0.464558541775
-0.793851256371,-0.832970738411,0.843706667423,0.896905660629,-0.845674455166,0.65668451786,-0.834541559219,0.598258197308,-0.464558541775
-0.793851256371,-0.832970738411,0.843706667423,0.896905660629,-0.845674455166,0.65668451786,-0.834541559219,0.598258197308,-0.464558541775
-0.793851256371,-0.832970738411,0.843706667423,0.896905660629,-0.845674455166,0.65668451786,-0.834541559219,0.598258197308,-0.464558541775
-0.793851256371,-0.832970738411,0.843706667423,0.896905660629,-0.845674455166,0.65668451786,-0.834541559219,0.598258197308,-0.464558541775
-0.793851256371,-0.832970738411,0.843706667423,0.896905660629,-0.845674455166,0.65668451786,-0.834541559219,0.598258197308,-0.464558541775
0.975388884544,-0.766886174679,0.480008929968,0.906664133072,0.432389825583,0.852829575539,-0.777368366718,0.943672716618,0.870503485203
0.975388884544,-0.766886174679,0.480008929968,0.906664133072,0.432389825583,0.852829575539,-0.777368366718,0.943672716618,0.870503485203
0.975388884544,-0.766886174679,0.480008929968,0.906664133072,0.432389825583,0.852829575539,-0.777368366718,0.943672716618,0.870503485203
0.975388884544,-0.766886174679,0.480008929968,0.906664133072,0.432389825583,0.852829575539,-0.777368366718,0.943672716618,0.870503485203
0.975388884544,-0.766886174679,0.480008929968,0.906664133072,0.432389825583,0.852829575539,-0.777368366718,0.943672716618,0.870503485203
0.975388884544,-0.766886174679,0.480008929968,0.906664133072,0.432389825583,0.852829575539,-0.777368366718,0.943672716618,0.870503485203
0.975388884544,-0.766886174679,0.480008929968,0.906664133072,0.432389825583,0.852829575539,-0.777368366718,0.943672716618,0.870503485203
0.975388884544,-0.766886174679,0.480008929968,0.906664133072,0.432389825583,0.852829575539,-0.777368366718,0.943672716618,0.870503485203
0.975388884544,-0.766886174679,0.480008929968,0.906664133072,0.432389825583,0.852829575539,-0.777368366718,0.943672716618,0.870503485203
0.975388884544,-0.766886174679,0.480008929968,0.906664133072,0.432389825583,0.852829575539,-0.777368366718,0.943672716618,0.870503485203
0.975388884544,-0.766886174679,0.480008929968,0.906664133072,0.432389825583,0.852829575539,-0.777368366718,0.943672716618,0.870503485203
0.975388884544,-0.766886174679,0.480008929968,0.906664133072,0.432389825583,0.852829575539,-0.777368366718,0.943672716618,0.870503485203
0.975388884544,-0.766886174679,0.480008929968,0.906664133072,0.432389825583,0.852829575539,-0.777368366718,0.943672716618,0.870503485203
0.975388884544,-0.766886174679,0.480008929968,0.906664133072,0.432389825583,0.852829575539,-0.777368366718,0.943672716618,0.870503485203
-0.840399503708,-0.503936171532,0.52252548933,0.406566977501,-0.722032666206,0.858670532703,0.578259944916,0.792507052422,0.798612475395
-0.840399503708,-0.503936171532,0.52252548933,0.406566977501,-0.722032666206,0.858670532703,0.578259944916,0.792507052422,0.798612475395
-0.840399503708,-0.503936171532,0.52252548933,0.406566977501,-0.722032666206,0.858670532703,0.578259944916,0.792507052422,0.798612475395
-0.840399503708,-0.503936171532,0.52252548933,0.406566977501,-0.722032666206,0.858670532703,0.578259944916,0.792507052422,0.798612475395
-0.840399503708,-0.503936171532,0.52252548933,0.406566977501,-0.722032666206,0.858670532703,0.578259944916,0.792507052422,0.798612475395
-0.840399503708,-0.503936171532,0.52252548933,0.406566977501,-0.722032666206,0.858670532703,0.578259944916,0.792507052422,0.798612475395
-0.840399503708,-0.503936171532,0.52252548933,0.406566977501,-0.722032666206,0.858670532703,0.578259944916,0.792507052422,0.798612475395
-0.840399503708,-0.503936171532,0.52252548933,0.406566977501,-0.722032666206,0.858670532703,0.578259944916,0.792507052422,0.798612475395
-0.840399503708,-0.503936171532,0.52252548933,0.406566977501,-0.722032666206,0.858670532703,0.578259944916,0.792507052422,0.798612475395
-0.840399503708,-0.503936171532,0.52252548933,0.406566977501,-0.722032666206,0.858670532703,0.578259944916,0.792507052422,0.798612475395
-0.840399503708,-0.503936171532,0.52252548933,0.406566977501,-0.722032666206,0.858670532703,0.578259944916,0.792507052422,0.798612475395
-0.840399503708,-0.503936171532,0.52252548933,0.406566977501,-0.722032666206,0.858670532703,0.578259944916,0.792507052422,0.798612475395
-0.840399503708,-0.503936171532,0.52252548933,0.406566977501,-0.722032666206,0.858670532703,0.578259944916,0.792507052422,0.798612475395
-0.840399503708,-0.503936171532,0.52252548933,0.406566977501,-0.722032666206,0.858670532703,0.578259944916,0.792507052422,0.798612475395
-0.840399503708,-0.503936171532,0.52252548933,0.406566977501,-0.722032666206,0.858670532703,0.578259944916,0.792507052422,0.798612475395
-0.840399503708,-0.503936171532,0.52252548933,0.406566977501,-0.722032666206,0.858670532703,0.578259944916,0.792507052422,0.798612475395
-0.840399503708,-0.503936171532,0.52252548933,0.406566977501,-0.722032666206,0.858670532703,0.578259944916,0.792507052422,0.798612475395
-0.840399503708,-0.503936171532,0.52252548933,0.406566977501,-0.722032666206,0.858670532703,0.578259944916,0.792507052422,0.798612475395
-0.840399503708,-0.503936171532,0.52252548933,0.406566977501,-0.722032666206,0.858670532703,0.578259944916,0.792507052422,0.798612475395
-0.840399503708,-0.503936171532,0.52252548933,0.406566977501,-0.722032666206,0.858670532703,0.578259944916,0.792507052422,0.798612475395
0.824476122856,-0.757106304169,-0.321133643389,-0.653257489204,-0.181805565953,0.514389872551,0.815905988216,-0.524773538113,0.865079283714
0.824476122856,-0.757106304169,-0.321133643389,-0.653257489204,-0.181805565953,0.514389872551,0.815905988216,-0.524773538113,0.865079283714
0.824476122856,-0.757106304169,-0.321133643389,-0.653257489204,-0.181805565953,0.514389872551,0.815905988216,-0.524773538113,0.865079283714
0.824476122856,-0.757106304169,-0.321133643389,-0.653257489204,-0.181805565953,0.514389872551,0.815905988216,-0.524773538113,0.865079283714
0.824476122856,-0.757106304169,-0.321133643389,-0.653257489204,-0.181805565953,0.514389872551,0.815905988216,-0.524773538113,0.865079283714
0.824476122856,-0.757106304169,-0.321133643389,-0.653257489204,-0.181805565953,0.514389872551,0.815905988216,-0.524773538113,0.865079283714
0.824476122856,-0.757106304169,-0.321133643389,-0.653257489204,-0.181805565953,0.514389872551,0.815905988216,-0.524773538113,0.865079283714
0.824476122856,-0.757106304169,-0.321133643389,-0.653257489204,-0.181805565953,0.514389872551,0.815905988216,-0.524773538113,0.865079283714
0.824476122856,-0.757106304169,-0.321133643389,-0.653257489204,-0.181805565953,0.514389872551,0.815905988216,-0.524773538113,0.865079283714
0.824476122856,-0.757106304169,-0.321133643389,-0.653257489204,-0.181805565953,0.514389872551,0.815905988216,-0.524773538113,0.865079283714
0.824476122856,-0.757106304169,-0.321133643389,-0.653257489204,-0.181805565953,0.514389872551,0.815905988216,-0.524773538113,0.865079283714
0.824476122856,-0.757106304169,-0.321133643389,-0.653257489204,-0.181805565953,0.514389872551,0.815905988216,-0.524773538113,0.865079283714
0.824476122856,-0.757106304169,-0.321133643389,-0.653257489204,-0.181805565953,0.514389872551,0.815905988216,-0.524773538113,0.865079283714
0.824476122856,-0.757106304169,-0.321133643389,-0.653257489204,-0.181805565953,0.514389872551,0.815905988216,-0.524773538113,0.865079283714
0.824476122856,-0.757106304169,-0.321133643389,-0.653257489204,-0.181805565953,0.514389872551,0.815905988216,-0.524773538113,0.865079283714
0.824476122856,-0.757106304169,-0.321133643389,-0.653257489204,-0.181805565953,0.514389872551,0.815905988216,-0.524773538113,0.865079283714
0.824476122856,-0.757106304169,-0.321133643389,-0.653257489204,-0.181805565953,0.514389872551,0.815905988216,-0.524773538113,0.865079283714
0.824476122856,-0.757106304169,-0.321133643389,-0.653257489204,-0.181805565953,0.514389872551,0.815905988216,-0.524773538113,0.865079283714
0.824476122856,-0.757106304169,-0.321133643389,-0.653257489204,-0.181805565953,0.514389872551,0.815905988216,-0.524773538113,0.865079283714
0.824476122856,-0.757106304169,-0.321133643389,-0.653257489204,-0.181805565953,0.514389872551,0.815905988216,-0.524773538113,0.865079283714
0.855024933815,-0.228154271841,0.581815898418,0.272100657225,-0.793155193329,0.87957662344,0.774492263794,-0.858056128025,-0.864216446877
0.855024933815,-0.228154271841,0.581815898418,0.272100657225,-0.793155193329,0.87957662344,0.774492263794,-0.858056128025,-0.864216446877
0.855024933815,-0.228154271841,0.581815898418,0.272100657225,-0.793155193329,0.87957662344,0.774492263794,-0.858056128025,-0.864216446877
0.855024933815,-0.228154271841,0.581815898418,0.272100657225,-0.793155193329,0.87957662344,0.774492263794,-0.858056128025,-0.864216446877
0.855024933815,-0.228154271841,0.581815898418,0.272100657225,-0.793155193329,0.87957662344,0.774492263794,-0.858056128025,-0.864216446877
0.855024933815,-0.228154271841,0.581815898418,0.272100657225,-0.793155193329,0.87957662344,0.774492263794,-0.858056128025,-0.864216446877
0.855024933815,-0.228154271841,0.581815898418,0.272100657225,-0.793155193329,0.87957662344,0.774492263794,-0.858056128025,-0.864216446877
0.855024933815,-0.228154271841,0.581815898418,0.272100657225,-0.793155193329,0.87957662344,0.774492263794,-0.858056128025,-0.864216446877
0.855024933815,-0.228154271841,0.581815898418,0.272100657225,-0.793155193329,0.87957662344,0.774492263794,-0.858056128025,-0.864216446877
0.855024933815,-0.228154271841,0.581815898418,0.272100657225,-0.793155193329,0.87957662344,0.774492263794,-0.858056128025,-0.864216446877
0.855024933815,-0.228154271841,0.581815898418,0.272100657225,-0.793155193329,0.87957662344,0.774492263794,-0.858056128025,-0.864216446877
0.855024933815,-0.228154271841,0.581815898418,0.272100657225,-0.793155193329,0.87957662344,0.774492263794,-0.858056128025,-0.864216446877
0.855024933815,-0.228154271841,0.581815898418,0.272100657225,-0.793155193329,0.87957662344,0.774492263794,-0.858056128025,-0.864216446877
0.855024933815,-0.228154271841,0.581815898418,0.272100657225,-0.793155193329,0.87957662344,0.774492263794,-0.858056128025,-0.864216446877
0.855024933815,-0.228154271841,0.581815898418,0.272100657225,-0.793155193329,0.87957662344,0.774492263794,-0.858056128025,-0.864216446877
0.855024933815,-0.228154271841,0.581815898418,0.272100657225,-0.793155193329,0.87957662344,0.774492263794,-0.858056128025,-0.864216446877
0.855024933815,-0.228154271841,0.581815898418,0.272100657225,-0.793155193329,0.87957662344,0.774492263794,-0.858056128025,-0.864216446877
0.855024933815,-0.228154271841,0.581815898418,0.272100657225,-0.793155193329,0.87957662344,0.774492263794,-0.858056128025,-0.864216446877
0.855024933815,-0.228154271841,0.581815898418,0.272100657225,-0.793155193329,0.87957662344,0.774492263794,-0.858056128025,-0.864216446877
-0.884375572205,0.777648687363,-0.618083119392,0.506513953209,0.827998459339,-0.717506110668,-0.827694296837,-0.856090426445,0.840237379074
-0.884375572205,0.777648687363,-0.618083119392,0.506513953209,0.827998459339,-0.717506110668,-0.827694296837,-0.856090426445,0.840237379074
-0.884375572205,0.777648687363,-0.618083119392,0.506513953209,0.827998459339,-0.717506110668,-0.827694296837,-0.856090426445,0.840237379074
-0.884375572205,0.777648687363,-0.618083119392,0.506513953209,0.827998459339,-0.717506110668,-0.827694296837,-0.856090426445,0.840237379074
-0.884375572205,0.777648687363,-0.618083119392,0.506513953209,0.827998459339,-0.717506110668,-0.827694296837,-0.856090426445,0.840237379074
-0.884375572205,0.777648687363,-0.618083119392,0.506513953209,0.827998459339,-0.717506110668,-0.827694296837,-0.856090426445,0.840237379074
-0.884375572205,0.777648687363,-0.618083119392,0.506513953209,0.827998459339,-0.717506110668,-0.827694296837,-0.856090426445,0.840237379074
-0.884375572205,0.777648687363,-0.618083119392,0.506513953209,0.827998459339,-0.717506110668,-0.827694296837,-0.856090426445,0.840237379074
-0.884375572205,0.777648687363,-0.618083119392,0.506513953209,0.827998459339,-0.717506110668,-0.827694296837,-0.856090426445,0.840237379074
-0.884375572205,0.777648687363,-0.618083119392,0.506513953209,0.827998459339,-0.717506110668,-0.827694296837,-0.856090426445,0.840237379074
-0.884375572205,0.777648687363,-0.618083119392,0.506513953209,0.827998459339,-0.717506110668,-0.827694296837,-0.856090426445,0.840237379074
-0.884375572205,0.777648687363,-0.618083119392,0.506513953209,0.827998459339,-0.717506110668,-0.827694296837,-0.856090426445,0.840237379074
-0.884375572205,0.777648687363,-0.618083119392,0.506513953209,0.827998459339,-0.717506110668,-0.827694296837,-0.856090426445,0.840237379074
-0.884375572205,0.777648687363,-0.618083119392,0.506513953209,0.827998459339,-0.717506110668,-0.827694296837,-0.856090426445,0.840237379074
-0.884375572205,0.777648687363,-0.618083119392,0.506513953209,0.827998459339,-0.717506110668,-0.827694296837,-0.856090426445,0.840237379074
-0.884375572205,0.777648687363,-0.618083119392,0.506513953209,0.827998459339,-0.717506110668,-0.827694296837,-0.856090426445,0.840237379074
-0.884375572205,0.777648687363,-0.618083119392,0.506513953209,0.827998459339,-0.717506110668,-0.827694296837,-0.856090426445,0.840237379074
-0.884375572205,0.777648687363,-0.618083119392,0.506513953209,0.827998459339,-0.717506110668,-0.827694296837,-0.856090426445,0.840237379074
-0.884375572205,0.777648687363,-0.618083119392,0.506513953209,0.827998459339,-0.717506110668,-0.827694296837,-0.856090426445,0.840237379074
-0.884375572205,0.777648687363,-0.618083119392,0.506513953209,0.827998459339,-0.717506110668,-0.827694296837,-0.856090426445,0.840237379074
-0.476769268513,-0.00692797545344,-0.888375878334,-0.864200592041,-0.882746934891,-0.837230801582,0.88908880949,0.846597313881,-0.856002092361
-0.476769268513,-0.00692797545344,-0.888375878334,-0.864200592041,-0.882746934891,-0.837230801582,0.88908880949,0.846597313881,-0.856002092361
-0.476769268513,-0.00692797545344,-0.888375878334,-0.864200592041,-0.882746934891,-0.837230801582,0.88908880949,0.846597313881,-0.856002092361
-0.476769268513,-0.00692797545344,-0.888375878334,-0.864200592041,-0.882746934891,-0.837230801582,0.88908880949,0.846597313881,-0.856002092361
-0.476769268513,-0.00692797545344,-0.888375878334,-0.864200592041,-0.882746934891,-0.837230801582,0.88908880949,0.846597313881,-0.856002092361
-0.476769268513,-0.00692797545344,-0.888375878334,-0.864200592041,-0.882746934891,-0.837230801582,0.88908880949,0.846597313881,-0.856002092361
-0.476769268513,-0.00692797545344,-0.888375878334,-0.864200592041,-0.882746934891,-0.837230801582,0.88908880949,0.846597313881,-0.856002092361
-0.476769268513,-0.00692797545344,-0.888375878334,-0.864200592041,-0.882746934891,-0.837230801582,0.88908880949,0.846597313881,-0.856002092361
-0.476769268513,-0.00692797545344,-0.888375878334,-0.864200592041,-0.882746934891,-0.837230801582,0.88908880949,0.846597313881,-0.856002092361
-0.476769268513,-0.00692797545344,-0.888375878334,-0.864200592041,-0.882746934891,-0.837230801582,0.88908880949,0.846597313881,-0.856002092361
-0.476769268513,-0.00692797545344,-0.888375878334,-0.864200592041,-0.882746934891,-0.837230801582,0.88908880949,0.846597313881,-0.856002092361
-0.476769268513,-0.00692797545344,-0.888375878334,-0.864200592041,-0.882746934891,-0.837230801582,0.88908880949,0.846597313881,-0.856002092361
-0.476769268513,-0.00692797545344,-0.888375878334,-0.864200592041,-0.882746934891,-0.837230801582,0.88908880949,0.846597313881,-0.856002092361
-0.476769268513,-0.00692797545344,-0.888375878334,-0.864200592041,-0.882746934891,-0.837230801582,0.88908880949,0.846597313881,-0.856002092361
-0.476769268513,-0.00692797545344,-0.888375878334,-0.864200592041,-0.882746934891,-0.837230801582,0.88908880949,0.846597313881,-0.856002092361
-0.476769268513,-0.00692797545344,-0.888375878334,-0.864200592041,-0.882746934891,-0.837230801582,0.88908880949,0.846597313881,-0.856002092361
-0.476769268513,-0.00692797545344,-0.888375878334,-0.864200592041,-0.882746934891,-0.837230801582,0.88908880949,0.846597313881,-0.856002092361
-0.476769268513,-0.00692797545344,-0.888375878334,-0.864200592041,-0.882746934891,-0.837230801582,0.88908880949,0.846597313881,-0.856002092361
-0.476769268513,-0.00692797545344,-0.888375878334,-0.864200592041,-0.882746934891,-0.837230801582,0.88908880949,0.846597313881,-0.856002092361
-0.476769268513,-0.00692797545344,-0.888375878334,-0.864200592041,-0.882746934891,-0.837230801582,0.88908880949,0.846597313881,-0.856002092361
-0.476769268513,-0.00692797545344,-0.888375878334,-0.864200592041,-0.882746934891,-0.837230801582,0.88908880949,0.846597313881,-0.856002092361
-0.774547219276,0.790740847588,-0.927976727486,-0.797024488449,-0.723525881767,0.951091349125,0.886705636978,-0.59979313612,-0.567074656487
-0.774547219276,0.790740847588,-0.927976727486,-0.797024488449,-0.723525881767,0.951091349125,0.886705636978,-0.59979313612,-0.567074656487
-0.774547219276,0.790740847588,-0.927976727486,-0.797024488449,-0.723525881767,0.951091349125,0.886705636978,-0.59979313612,-0.567074656487
-0.774547219276,0.790740847588,-0.927976727486,-0.797024488449,-0.723525881767,0.951091349125,0.886705636978,-0.59979313612,-0.567074656487
-0.774547219276,0.790740847588,-0.927976727486,-0.797024488449,-0.723525881767,0.951091349125,0.886705636978,-0.59979313612,-0.567074656487
-0.774547219276,0.790740847588,-0.927976727486,-0.797024488449,-0.723525881767,0.951091349125,0.886705636978,-0.59979313612,-0.567074656487
-0.774547219276,0.790740847588,-0.927976727486,-0.797024488449,-0.723525881767,0.951091349125,0.886705636978,-0.59979313612,-0.567074656487
-0.774547219276,0.790740847588,-0.927976727486,-0.797024488449,-0.723525881767,0.951091349125,0.886705636978,-0.59979313612,-0.567074656487
-0.774547219276,0.790740847588,-0.927976727486,-0.797024488449,-0.723525881767,0.951091349125,0.886705636978,-0.59979313612,-0.567074656487
-0.774547219276,0.790740847588,-0.927976727486,-0.797024488449,-0.723525881767,0.951091349125,0.886705636978,-0.59979313612,-0.567074656487
-0.774547219276,0.790740847588,-0.927976727486,-0.797024488449,-0.723525881767,0.951091349125,0.886705636978,-0.59979313612,-0.567074656487
-0.774547219276,0.790740847588,-0.927976727486,-0.797024488449,-0.723525881767,0.951091349125,0.886705636978,-0.59979313612,-0.567074656487
-0.774547219276,0.790740847588,-0.927976727486,-0.797024488449,-0.723525881767,0.951091349125,0.886705636978,-0.59979313612,-0.567074656487
-0.774547219276,0.790740847588,-0.927976727486,-0.797024488449,-0.723525881767,0.951091349125,0.886705636978,-0.59979313612,-0.567074656487
-0.774547219276,0.790740847588,-0.927976727486,-0.797024488449,-0.723525881767,0.951091349125,0.886705636978,-0.59979313612,-0.567074656487
-0.774547219276,0.790740847588,-0.927976727486,-0.797024488449,-0.723525881767,0.951091349125,0.886705636978,-0.59979313612,-0.567074656487
-0.774547219276,0.790740847588,-0.927976727486,-0.797024488449,-0.723525881767,0.951091349125,0.886705636978,-0.59979313612,-0.567074656487
-0.774547219276,0.790740847588,-0.927976727486,-0.797024488449,-0.723525881767,0.951091349125,0.886705636978,-0.59979313612,-0.567074656487
-0.774547219276,0.790740847588,-0.927976727486,-0.797024488449,-0.723525881767,0.951091349125,0.886705636978,-0.59979313612,-0.567074656487
-0.774547219276,0.790740847588,-0.927976727486,-0.797024488449,-0.723525881767,0.951091349125,0.886705636978,-0.59979313612,-0.567074656487
-0.774547219276,0.790740847588,-0.927976727486,-0.797024488449,-0.723525881767,0.951091349125,0.886705636978,-0.59979313612,-0.567074656487
-0.881532788277,-0.564930200577,0.472108393908,-0.751338243484,0.867699623108,-0.883068740368,0.456786781549,0.422674775124,0.887514352798
-0.881532788277,-0.564930200577,0.472108393908,-0.751338243484,0.867699623108,-0.883068740368,0.456786781549,0.422674775124,0.887514352798
-0.881532788277,-0.564930200577,0.472108393908,-0.751338243484,0.867699623108,-0.883068740368,0.456786781549,0.422674775124,0.887514352798
-0.881532788277,-0.564930200577,0.472108393908,-0.751338243484,0.867699623108,-0.883068740368,0.456786781549,0.422674775124,0.887514352798
-0.881532788277,-0.564930200577,0.472108393908,-0.751338243484,0.867699623108,-0.883068740368,0.456786781549,0.422674775124,0.887514352798
-0.881532788277,-0.564930200577,0.472108393908,-0.751338243484,0.867699623108,-0.883068740368,0.456786781549,0.422674775124,0.887514352798
-0.881532788277,-0.564930200577,0.472108393908,-0.751338243484,0.867699623108,-0.883068740368,0.456786781549,0.422674775124,0.887514352798
-0.881532788277,-0.564930200577,0.472108393908,-0.751338243484,0.867699623108,-0.883068740368,0.456786781549,0.422674775124,0.887514352798
-0.881532788277,-0.564930200577,0.472108393908,-0.751338243484,0.867699623108,-0.883068740368,0.456786781549,0.422674775124,0.887514352798
-0.881532788277,-0.564930200577,0.472108393908,-0.751338243484,0.867699623108,-0.883068740368,0.456786781549,0.422674775124,0.887514352798
-0.881532788277,-0.564930200577,0.472108393908,-0.751338243484,0.867699623108,-0.883068740368,0.456786781549,0.422674775124,0.887514352798
-0.881532788277,-0.564930200577,0.472108393908,-0.751338243484,0.867699623108,-0.883068740368,0.456786781549,0.422674775124,0.887514352798
-0.881532788277,-0.564930200577,0.472108393908,-0.751338243484,0.867699623108,-0.883068740368,0.456786781549,0.422674775124,0.887514352798
-0.881532788277,-0.564930200577,0.472108393908,-0.751338243484,0.867699623108,-0.883068740368,0.456786781549,0.422674775124,0.887514352798
-0.881532788277,-0.564930200577,0.472108393908,-0.751338243484,0.867699623108,-0.883068740368,0.456786781549,0.422674775124,0.887514352798
-0.881532788277,-0.564930200577,0.472108393908,-0.751338243484,0.867699623108,-0.883068740368,0.456786781549,0.422674775124,0.887514352798
-0.881532788277,-0.564930200577,0.472108393908,-0.751338243484,0.867699623108,-0.883068740368,0.456786781549,0.422674775124,0.887514352798
-0.0238737985492,-0.902382016182,-0.774026095867,-0.0901523157954,0.837976276875,0.694427192211,-0.907420754433,-0.793550729752,-0.143991291523
-0.0238737985492,-0.902382016182,-0.774026095867,-0.0901523157954,0.837976276875,0.694427192211,-0.907420754433,-0.793550729752,-0.143991291523
-0.0238737985492,-0.902382016182,-0.774026095867,-0.0901523157954,0.837976276875,0.694427192211,-0.907420754433,-0.793550729752,-0.143991291523
-0.0238737985492,-0.902382016182,-0.774026095867,-0.0901523157954,0.837976276875,0.694427192211,-0.907420754433,-0.793550729752,-0.143991291523
-0.0238737985492,-0.902382016182,-0.774026095867,-0.0901523157954,0.837976276875,0.694427192211,-0.907420754433,-0.793550729752,-0.143991291523
-0.0238737985492,-0.902382016182,-0.774026095867,-0.0901523157954,0.837976276875,0.694427192211,-0.907420754433,-0.793550729752,-0.143991291523
-0.0238737985492,-0.902382016182,-0.774026095867,-0.0901523157954,0.837976276875,0.694427192211,-0.907420754433,-0.793550729752,-0.143991291523
-0.0238737985492,-0.902382016182,-0.774026095867,-0.0901523157954,0.837976276875,0.694427192211,-0.907420754433,-0.793550729752,-0.143991291523
-0.0238737985492,-0.902382016182,-0.774026095867,-0.0901523157954,0.837976276875,0.694427192211,-0.907420754433,-0.793550729752,-0.143991291523
-0.0238737985492,-0.902382016182,-0.774026095867,-0.0901523157954,0.837976276875,0.694427192211,-0.907420754433,-0.793550729752,-0.143991291523
-0.0238737985492,-0.902382016182,-0.774026095867,-0.0901523157954,0.837976276875,0.694427192211,-0.907420754433,-0.793550729752,-0.143991291523
-0.0238737985492,-0.902382016182,-0.774026095867,-0.0901523157954,0.837976276875,0.694427192211,-0.907420754433,-0.793550729752,-0.143991291523
-0.0238737985492,-0.902382016182,-0.774026095867,-0.0901523157954,0.837976276875,0.694427192211,-0.907420754433,-0.793550729752,-0.143991291523
-0.0238737985492,-0.902382016182,-0.774026095867,-0.0901523157954,0.837976276875,0.694427192211,-0.907420754433,-0.793550729752,-0.143991291523
-0.0238737985492,-0.902382016182,-0.774026095867,-0.0901523157954,0.837976276875,0.694427192211,-0.907420754433,-0.793550729752,-0.143991291523
-0.0238737985492,-0.902382016182,-0.774026095867,-0.0901523157954,0.837976276875,0.694427192211,-0.907420754433,-0.793550729752,-0.143991291523
-0.0238737985492,-0.902382016182,-0.774026095867,-0.0901523157954,0.837976276875,0.694427192211,-0.907420754433,-0.793550729752,-0.143991291523
-0.0238737985492,-0.902382016182,-0.774026095867,-0.0901523157954,0.837976276875,0.694427192211,-0.907420754433,-0.793550729752,-0.143991291523
-0.0238737985492,-0.902382016182,-0.774026095867,-0.0901523157954,0.837976276875,0.694427192211,-0.907420754433,-0.793550729752,-0.143991291523
-0.601289272308,0.78592634201,-0.864363789558,0.897446811199,0.746654272079,-0.081149853766,-0.306199848652,-0.825397014618,-0.829367339611
-0.601289272308,0.78592634201,-0.864363789558,0.897446811199,0.746654272079,-0.081149853766,-0.306199848652,-0.825397014618,-0.829367339611
-0.601289272308,0.78592634201,-0.864363789558,0.897446811199,0.746654272079,-0.081149853766,-0.306199848652,-0.825397014618,-0.829367339611
-0.601289272308,0.78592634201,-0.864363789558,0.897446811199,0.746654272079,-0.081149853766,-0.306199848652,-0.825397014618,-0.829367339611
-0.601289272308,0.78592634201,-0.864363789558,0.897446811199,0.746654272079,-0.081149853766,-0.306199848652,-0.825397014618,-0.829367339611
-0.601289272308,0.78592634201,-0.864363789558,0.897446811199,0.746654272079,-0.081149853766,-0.306199848652,-0.825397014618,-0.829367339611
-0.601289272308,0.78592634201,-0.864363789558,0.897446811199,0.746654272079,-0.081149853766,-0.306199848652,-0.825397014618,-0.829367339611
-0.601289272308,0.78592634201,-0.864363789558,0.897446811199,0.746654272079,-0.081149853766,-0.306199848652,-0.825397014618,-0.829367339611
-0.601289272308,0.78592634201,-0.864363789558,0.897446811199,0.746654272079,-0.081149853766,-0.306199848652,-0.825397014618,-0.829367339611
-0.601289272308,0.78592634201,-0.864363789558,0.897446811199,0.746654272079,-0.081149853766,-0.306199848652,-0.825397014618,-0.829367339611
-0.601289272308,0.78592634201,-0.864363789558,0.897446811199,0.746654272079,-0.081149853766,-0.306199848652,-0.825397014618,-0.829367339611
-0.601289272308,0.78592634201,-0.864363789558,0.897446811199,0.746654272079,-0.081149853766,-0.306199848652,-0.825397014618,-0.829367339611
-0.601289272308,0.78592634201,-0.864363789558,0.897446811199,0.746654272079,-0.081149853766,-0.306199848652,-0.825397014618,-0.829367339611
-0.601289272308,0.78592634201,-0.864363789558,0.897446811199,0.746654272079,-0.081149853766,-0.306199848652,-0.825397014618,-0.829367339611
-0.601289272308,0.78592634201,-0.864363789558,0.897446811199,0.746654272079,-0.081149853766,-0.306199848652,-0.825397014618,-0.829367339611
-0.601289272308,0.78592634201,-0.864363789558,0.897446811199,0.746654272079,-0.081149853766,-0.306199848652,-0.825397014618,-0.829367339611
-0.601289272308,0.78592634201,-0.864363789558,0.897446811199,0.746654272079,-0.081149853766,-0.306199848652,-0.825397014618,-0.829367339611
-0.601289272308,0.78592634201,-0.864363789558,0.897446811199,0.746654272079,-0.081149853766,-0.306199848652,-0.825397014618,-0.829367339611
-0.601289272308,0.78592634201,-0.864363789558,0.897446811199,0.746654272079,-0.081149853766,-0.306199848652,-0.825397014618,-0.829367339611
-0.601289272308,0.78592634201,-0.864363789558,0.897446811199,0.746654272079,-0.081149853766,-0.306199848652,-0.825397014618,-0.829367339611
-0.601289272308,0.78592634201,-0.864363789558,0.897446811199,0.746654272079,-0.081149853766,-0.306199848652,-0.825397014618,-0.829367339611
-0.927680790424,-0.831742405891,-0.443664222956,-0.740878582001,0.533637940884,0.618210315704,0.406622409821,0.683694422245,0.627104222775
-0.927680790424,-0.831742405891,-0.443664222956,-0.740878582001,0.533637940884,0.618210315704,0.406622409821,0.683694422245,0.627104222775
-0.927680790424,-0.831742405891,-0.443664222956,-0.740878582001,0.533637940884,0.618210315704,0.406622409821,0.683694422245,0.627104222775
-0.927680790424,-0.831742405891,-0.443664222956,-0.740878582001,0.533637940884,0.618210315704,0.406622409821,0.683694422245,0.627104222775
-0.927680790424,-0.831742405891,-0.443664222956,-0.740878582001,0.533637940884,0.618210315704,0.406622409821,0.683694422245,0.627104222775
-0.927680790424,-0.831742405891,-0.443664222956,-0.740878582001,0.533637940884,0.618210315704,0.406622409821,0.683694422245,0.627104222775
-0.927680790424,-0.831742405891,-0.443664222956,-0.740878582001,0.533637940884,0.618210315704,0.406622409821,0.683694422245,0.627104222775
-0.927680790424,-0.831742405891,-0.443664222956,-0.740878582001,0.533637940884,0.618210315704,0.406622409821,0.683694422245,0.627104222775
-0.927680790424,-0.831742405891,-0.443664222956,-0.740878582001,0.533637940884,0.618210315704,0.406622409821,0.683694422245,0.627104222775
-0.927680790424,-0.831742405891,-0.443664222956,-0.740878582001,0.533637940884,0.618210315704,0.406622409821,0.683694422245,0.627104222775
-0.927680790424,-0.831742405891,-0.443664222956,-0.740878582001,0.533637940884,0.618210315704,0.406622409821,0.683694422245,0.627104222775
-0.927680790424,-0.831742405891,-0.443664222956,-0.740878582001,0.533637940884,0.618210315704,0.406622409821,0.683694422245,0.627104222775
-0.927680790424,-0.831742405891,-0.443664222956,-0.740878582001,0.533637940884,0.618210315704,0.406622409821,0.683694422245,0.627104222775
-0.927680790424,-0.831742405891,-0.443664222956,-0.740878582001,0.533637940884,0.618210315704,0.406622409821,0.683694422245,0.627104222775
-0.927680790424,-0.831742405891,-0.443664222956,-0.740878582001,0.533637940884,0.618210315704,0.406622409821,0.683694422245,0.627104222775
-0.927680790424,-0.831742405891,-0.443664222956,-0.740878582001,0.533637940884,0.618210315704,0.406622409821,0.683694422245,0.627104222775
-0.927680790424,-0.831742405891,-0.443664222956,-0.740878582001,0.533637940884,0.618210315704,0.406622409821,0.683694422245,0.627104222775
-0.927680790424,-0.831742405891,-0.443664222956,-0.740878582001,0.533637940884,0.618210315704,0.406622409821,0.683694422245,0.627104222775
-0.927680790424,-0.831742405891,-0.443664222956,-0.740878582001,0.533637940884,0.618210315704,0.406622409821,0.683694422245,0.627104222775
-0.864144921303,-0.810510516167,-0.860175609589,0.4881696105,0.580543935299,0.82659471035,-0.636126875877,0.913637399673,-0.678569078445
-0.864144921303,-0.810510516167,-0.860175609589,0.4881696105,0.580543935299,0.82659471035,-0.636126875877,0.913637399673,-0.678569078445
-0.864144921303,-0.810510516167,-0.860175609589,0.4881696105,0.580543935299,0.82659471035,-0.636126875877,0.913637399673,-0.678569078445
-0.864144921303,-0.810510516167,-0.860175609589,0.4881696105,0.580543935299,0.82659471035,-0.636126875877,0.913637399673,-0.678569078445
-0.864144921303,-0.810510516167,-0.860175609589,0.4881696105,0.580543935299,0.82659471035,-0.636126875877,0.913637399673,-0.678569078445
-0.864144921303,-0.810510516167,-0.860175609589,0.4881696105,0.580543935299,0.82659471035,-0.636126875877,0.913637399673,-0.678569078445
-0.864144921303,-0.810510516167,-0.860175609589,0.4881696105,0.580543935299,0.82659471035,-0.636126875877,0.913637399673,-0.678569078445
-0.864144921303,-0.810510516167,-0.860175609589,0.4881696105,0.580543935299,0.82659471035,-0.636126875877,0.913637399673,-0.678569078445
-0.864144921303,-0.810510516167,-0.860175609589,0.4881696105,0.580543935299,0.82659471035,-0.636126875877,0.913637399673,-0.678569078445
-0.864144921303,-0.810510516167,-0.860175609589,0.4881696105,0.580543935299,0.82659471035,-0.636126875877,0.913637399673,-0.678569078445
-0.864144921303,-0.810510516167,-0.860175609589,0.4881696105,0.580543935299,0.82659471035,-0.636126875877,0.913637399673,-0.678569078445
-0.864144921303,-0.810510516167,-0.860175609589,0.4881696105,0.580543935299,0.82659471035,-0.636126875877,0.913637399673,-0.678569078445
-0.864144921303,-0.810510516167,-0.860175609589,0.4881696105,0.580543935299,0.82659471035,-0.636126875877,0.913637399673,-0.678569078445
-0.864144921303,-0.810510516167,-0.860175609589,0.4881696105,0.580543935299,0.82659471035,-0.636126875877,0.913637399673,-0.678569078445
-0.864144921303,-0.810510516167,-0.860175609589,0.4881696105,0.580543935299,0.82659471035,-0.636126875877,0.913637399673,-0.678569078445
-0.864144921303,-0.810510516167,-0.860175609589,0.4881696105,0.580543935299,0.82659471035,-0.636126875877,0.913637399673,-0.678569078445
-0.864144921303,-0.810510516167,-0.860175609589,0.4881696105,0.580543935299,0.82659471035,-0.636126875877,0.913637399673,-0.678569078445
-0.864144921303,-0.810510516167,-0.860175609589,0.4881696105,0.580543935299,0.82659471035,-0.636126875877,0.913637399673,-0.678569078445
-0.864144921303,-0.810510516167,-0.860175609589,0.4881696105,0.580543935299,0.82659471035,-0.636126875877,0.913637399673,-0.678569078445
-0.0247164685279,-0.811485230923,-0.829077899456,0.404184490442,0.872894048691,-0.652061581612,0.379213690758,0.745663404465,-0.840262889862
-0.0247164685279,-0.811485230923,-0.829077899456,0.404184490442,0.872894048691,-0.652061581612,0.379213690758,0.745663404465,-0.840262889862
-0.0247164685279,-0.811485230923,-0.829077899456,0.404184490442,0.872894048691,-0.652061581612,0.379213690758,0.745663404465,-0.840262889862
-0.0247164685279,-0.811485230923,-0.829077899456,0.404184490442,0.872894048691,-0.652061581612,0.379213690758,0.745663404465,-0.840262889862
-0.0247164685279,-0.811485230923,-0.829077899456,0.404184490442,0.872894048691,-0.652061581612,0.379213690758,0.745663404465,-0.840262889862
-0.0247164685279,-0.811485230923,-0.829077899456,0.404184490442,0.872894048691,-0.652061581612,0.379213690758,0.745663404465,-0.840262889862
-0.0247164685279,-0.811485230923,-0.829077899456,0.404184490442,0.872894048691,-0.652061581612,0.379213690758,0.745663404465,-0.840262889862
-0.0247164685279,-0.811485230923,-0.829077899456,0.404184490442,0.872894048691,-0.652061581612,0.379213690758,0.745663404465,-0.840262889862
-0.0247164685279,-0.811485230923,-0.829077899456,0.404184490442,0.872894048691,-0.652061581612,0.379213690758,0.745663404465,-0.840262889862
-0.0247164685279,-0.811485230923,-0.829077899456,0.404184490442,0.872894048691,-0.652061581612,0.379213690758,0.745663404465,-0.840262889862
-0.0247164685279,-0.811485230923,-0.829077899456,0.404184490442,0.872894048691,-0.652061581612,0.379213690758,0.745663404465,-0.840262889862
-0.0247164685279,-0.811485230923,-0.829077899456,0.404184490442,0.872894048691,-0.652061581612,0.379213690758,0.745663404465,-0.840262889862
-0.0247164685279,-0.811485230923,-0.829077899456,0.404184490442,0.872894048691,-0.652061581612,0.379213690758,0.745663404465,-0.840262889862
-0.0247164685279,-0.811485230923,-0.829077899456,0.404184490442,0.872894048691,-0.652061581612,0.379213690758,0.745663404465,-0.840262889862
-0.0247164685279,-0.811485230923,-0.829077899456,0.404184490442,0.872894048691,-0.652061581612,0.379213690758,0.745663404465,-0.840262889862
-0.0247164685279,-0.811485230923,-0.829077899456,0.404184490442,0.872894048691,-0.652061581612,0.379213690758,0.745663404465,-0.840262889862
-0.0247164685279,-0.811485230923,-0.829077899456,0.404184490442,0.872894048691,-0.652061581612,0.379213690758,0.745663404465,-0.840262889862
-0.0247164685279,-0.811485230923,-0.829077899456,0.404184490442,0.872894048691,-0.652061581612,0.379213690758,0.745663404465,-0.840262889862
-0.0247164685279,-0.811485230923,-0.829077899456,0.404184490442,0.872894048691,-0.652061581612,0.379213690758,0.745663404465,-0.840262889862
-0.0247164685279,-0.811485230923,-0.829077899456,0.404184490442,0.872894048691,-0.652061581612,0.379213690758,0.745663404465,-0.840262889862
-0.0247164685279,-0.811485230923,-0.829077899456,0.404184490442,0.872894048691,-0.652061581612,0.379213690758,0.745663404465,-0.840262889862
-0.794461190701,-0.772434830666,-0.649959206581,-0.709762454033,-0.898131489754,0.8400349617,-0.626675009727,-0.894761443138,-0.798008203506
-0.794461190701,-0.772434830666,-0.649959206581,-0.709762454033,-0.898131489754,0.8400349617,-0.626675009727,-0.894761443138,-0.798008203506
-0.794461190701,-0.772434830666,-0.649959206581,-0.709762454033,-0.898131489754,0.8400349617,-0.626675009727,-0.894761443138,-0.798008203506
-0.794461190701,-0.772434830666,-0.649959206581,-0.709762454033,-0.898131489754,0.8400349617,-0.626675009727,-0.894761443138,-0.798008203506
-0.794461190701,-0.772434830666,-0.649959206581,-0.709762454033,-0.898131489754,0.8400349617,-0.626675009727,-0.894761443138,-0.798008203506
-0.794461190701,-0.772434830666,-0.649959206581,-0.709762454033,-0.898131489754,0.8400349617,-0.626675009727,-0.894761443138,-0.798008203506
-0.794461190701,-0.772434830666,-0.649959206581,-0.709762454033,-0.898131489754,0.8400349617,-0.626675009727,-0.894761443138,-0.798008203506
-0.794461190701,-0.772434830666,-0.649959206581,-0.709762454033,-0.898131489754,0.8400349617,-0.626675009727,-0.894761443138,-0.798008203506
-0.794461190701,-0.772434830666,-0.649959206581,-0.709762454033,-0.898131489754,0.8400349617,-0.626675009727,-0.894761443138,-0.798008203506
-0.794461190701,-0.772434830666,-0.649959206581,-0.709762454033,-0.898131489754,0.8400349617,-0.626675009727,-0.894761443138,-0.798008203506
-0.794461190701,-0.772434830666,-0.649959206581,-0.709762454033,-0.898131489754,0.8400349617,-0.626675009727,-0.894761443138,-0.798008203506
-0.794461190701,-0.772434830666,-0.649959206581,-0.709762454033,-0.898131489754,0.8400349617,-0.626675009727,-0.894761443138,-0.798008203506
-0.794461190701,-0.772434830666,-0.649959206581,-0.709762454033,-0.898131489754,0.8400349617,-0.626675009727,-0.894761443138,-0.798008203506
-0.794461190701,-0.772434830666,-0.649959206581,-0.709762454033,-0.898131489754,0.8400349617,-0.626675009727,-0.894761443138,-0.798008203506
-0.794461190701,-0.772434830666,-0.649959206581,-0.709762454033,-0.898131489754,0.8400349617,-0.626675009727,-0.894761443138,-0.798008203506
-0.794461190701,-0.772434830666,-0.649959206581,-0.709762454033,-0.898131489754,0.8400349617,-0.626675009727,-0.894761443138,-0.798008203506
-0.794461190701,-0.772434830666,-0.649959206581,-0.709762454033,-0.898131489754,0.8400349617,-0.626675009727,-0.894761443138,-0.798008203506
-0.794461190701,-0.772434830666,-0.649959206581,-0.709762454033,-0.898131489754,0.8400349617,-0.626675009727,-0.894761443138,-0.798008203506
-0.794461190701,-0.772434830666,-0.649959206581,-0.709762454033,-0.898131489754,0.8400349617,-0.626675009727,-0.894761443138,-0.798008203506
-0.794461190701,-0.772434830666,-0.649959206581,-0.709762454033,-0.898131489754,0.8400349617,-0.626675009727,-0.894761443138,-0.798008203506
-0.794461190701,-0.772434830666,-0.649959206581,-0.709762454033,-0.898131489754,0.8400349617,-0.626675009727,-0.894761443138,-0.798008203506
-0.87299144268,-0.754300653934,0.891234397888,-0.83465886116,0.926404118538,0.810200929642,0.879194140434,0.862184643745,-0.913748502731
-0.87299144268,-0.754300653934,0.891234397888,-0.83465886116,0.926404118538,0.810200929642,0.879194140434,0.862184643745,-0.913748502731
-0.87299144268,-0.754300653934,0.891234397888,-0.83465886116,0.926404118538,0.810200929642,0.879194140434,0.862184643745,-0.913748502731
-0.87299144268,-0.754300653934,0.891234397888,-0.83465886116,0.926404118538,0.810200929642,0.879194140434,0.862184643745,-0.913748502731
-0.87299144268,-0.754300653934,0.891234397888,-0.83465886116,0.926404118538,0.810200929642,0.879194140434,0.862184643745,-0.913748502731
-0.87299144268,-0.754300653934,0.891234397888,-0.83465886116,0.926404118538,0.810200929642,0.879194140434,0.862184643745,-0.913748502731
-0.87299144268,-0.754300653934,0.891234397888,-0.83465886116,0.926404118538,0.810200929642,0.879194140434,0.862184643745,-0.913748502731
-0.87299144268,-0.754300653934,0.891234397888,-0.83465886116,0.926404118538,0.810200929642,0.879194140434,0.862184643745,-0.913748502731
-0.87299144268,-0.754300653934,0.891234397888,-0.83465886116,0.926404118538,0.810200929642,0.879194140434,0.862184643745,-0.913748502731
-0.87299144268,-0.754300653934,0.891234397888,-0.83465886116,0.926404118538,0.810200929642,0.879194140434,0.862184643745,-0.913748502731
-0.87299144268,-0.754300653934,0.891234397888,-0.83465886116,0.926404118538,0.810200929642,0.879194140434,0.862184643745,-0.913748502731
-0.87299144268,-0.754300653934,0.891234397888,-0.83465886116,0.926404118538,0.810200929642,0.879194140434,0.862184643745,-0.913748502731
-0.87299144268,-0.754300653934,0.891234397888,-0.83465886116,0.926404118538,0.810200929642,0.879194140434,0.862184643745,-0.913748502731
-0.87299144268,-0.754300653934,0.891234397888,-0.83465886116,0.926404118538,0.810200929642,0.879194140434,0.862184643745,-0.913748502731
-0.87299144268,-0.754300653934,0.891234397888,-0.83465886116,0.926404118538,0.810200929642,0.879194140434,0.862184643745,-0.913748502731
-0.87299144268,-0.754300653934,0.891234397888,-0.83465886116,0.926404118538,0.810200929642,0.879194140434,0.862184643745,-0.913748502731
-0.87299144268,-0.754300653934,0.891234397888,-0.83465886116,0.926404118538,0.810200929642,0.879194140434,0.862184643745,-0.913748502731
-0.87299144268,-0.754300653934,0.891234397888,-0.83465886116,0.926404118538,0.810200929642,0.879194140434,0.862184643745,-0.913748502731
-0.87299144268,-0.754300653934,0.891234397888,-0.83465886116,0.926404118538,0.810200929642,0.879194140434,0.862184643745,-0.913748502731
-0.87299144268,-0.754300653934,0.891234397888,-0.83465886116,0.926404118538,0.810200929642,0.879194140434,0.862184643745,-0.913748502731
-0.87299144268,-0.754300653934,0.891234397888,-0.83465886116,0.926404118538,0.810200929642,0.879194140434,0.862184643745,-0.913748502731
-0.791089773178,-0.892968297005,0.786039948463,-0.949283659458,-0.788672327995,-0.796928822994,-0.683278560638,0.749772548676,-0.886028587818
-0.791089773178,-0.892968297005,0.786039948463,-0.949283659458,-0.788672327995,-0.796928822994,-0.683278560638,0.749772548676,-0.886028587818
-0.791089773178,-0.892968297005,0.786039948463,-0.949283659458,-0.788672327995,-0.796928822994,-0.683278560638,0.749772548676,-0.886028587818
-0.791089773178,-0.892968297005,0.786039948463,-0.949283659458,-0.788672327995,-0.796928822994,-0.683278560638,0.749772548676,-0.886028587818
-0.791089773178,-0.892968297005,0.786039948463,-0.949283659458,-0.788672327995,-0.796928822994,-0.683278560638,0.749772548676,-0.886028587818
-0.791089773178,-0.892968297005,0.786039948463,-0.949283659458,-0.788672327995,-0.796928822994,-0.683278560638,0.749772548676,-0.886028587818
-0.791089773178,-0.892968297005,0.786039948463,-0.949283659458,-0.788672327995,-0.796928822994,-0.683278560638,0.749772548676,-0.886028587818
-0.791089773178,-0.892968297005,0.786039948463,-0.949283659458,-0.788672327995,-0.796928822994,-0.683278560638,0.749772548676,-0.886028587818
-0.791089773178,-0.892968297005,0.786039948463,-0.949283659458,-0.788672327995,-0.796928822994,-0.683278560638,0.749772548676,-0.886028587818
-0.791089773178,-0.892968297005,0.786039948463,-0.949283659458,-0.788672327995,-0.796928822994,-0.683278560638,0.749772548676,-0.886028587818
-0.791089773178,-0.892968297005,0.786039948463,-0.949283659458,-0.788672327995,-0.796928822994,-0.683278560638,0.749772548676,-0.886028587818
-0.791089773178,-0.892968297005,0.786039948463,-0.949283659458,-0.788672327995,-0.796928822994,-0.683278560638,0.749772548676,-0.886028587818
-0.791089773178,-0.892968297005,0.786039948463,-0.949283659458,-0.788672327995,-0.796928822994,-0.683278560638,0.749772548676,-0.886028587818
-0.791089773178,-0.892968297005,0.786039948463,-0.949283659458,-0.788672327995,-0.796928822994,-0.683278560638,0.749772548676,-0.886028587818
-0.791089773178,-0.892968297005,0.786039948463,-0.949283659458,-0.788672327995,-0.796928822994,-0.683278560638,0.749772548676,-0.886028587818
-0.791089773178,-0.892968297005,0.786039948463,-0.949283659458,-0.788672327995,-0.796928822994,-0.683278560638,0.749772548676,-0.886028587818
-0.791089773178,-0.892968297005,0.786039948463,-0.949283659458,-0.788672327995,-0.796928822994,-0.683278560638,0.749772548676,-0.886028587818
-0.791089773178,-0.892968297005,0.786039948463,-0.949283659458,-0.788672327995,-0.796928822994,-0.683278560638,0.749772548676,-0.886028587818
-0.791089773178,-0.892968297005,0.786039948463,-0.949283659458,-0.788672327995,-0.796928822994,-0.683278560638,0.749772548676,-0.886028587818
-0.791089773178,-0.892968297005,0.786039948463,-0.949283659458,-0.788672327995,-0.796928822994,-0.683278560638,0.749772548676,-0.886028587818
0.823654413223,0.765947699547,0.879978299141,-0.921254336834,0.576849579811,-0.554751336575,-0.924526035786,-0.524854063988,-0.782398402691
0.823654413223,0.765947699547,0.879978299141,-0.921254336834,0.576849579811,-0.554751336575,-0.924526035786,-0.524854063988,-0.782398402691
0.823654413223,0.765947699547,0.879978299141,-0.921254336834,0.576849579811,-0.554751336575,-0.924526035786,-0.524854063988,-0.782398402691
0.823654413223,0.765947699547,0.879978299141,-0.921254336834,0.576849579811,-0.554751336575,-0.924526035786,-0.524854063988,-0.782398402691
0.823654413223,0.765947699547,0.879978299141,-0.921254336834,0.576849579811,-0.554751336575,-0.924526035786,-0.524854063988,-0.782398402691
0.823654413223,0.765947699547,0.879978299141,-0.921254336834,0.576849579811,-0.554751336575,-0.924526035786,-0.524854063988,-0.782398402691
0.823654413223,0.765947699547,0.879978299141,-0.921254336834,0.576849579811,-0.554751336575,-0.924526035786,-0.524854063988,-0.782398402691
0.823654413223,0.765947699547,0.879978299141,-0.921254336834,0.576849579811,-0.554751336575,-0.924526035786,-0.524854063988,-0.782398402691
0.823654413223,0.765947699547,0.879978299141,-0.921254336834,0.576849579811,-0.554751336575,-0.924526035786,-0.524854063988,-0.782398402691
0.823654413223,0.765947699547,0.879978299141,-0.921254336834,0.576849579811,-0.554751336575,-0.924526035786,-0.524854063988,-0.782398402691
0.823654413223,0.765947699547,0.879978299141,-0.921254336834,0.576849579811,-0.554751336575,-0.924526035786,-0.524854063988,-0.782398402691
0.823654413223,0.765947699547,0.879978299141,-0.921254336834,0.576849579811,-0.554751336575,-0.924526035786,-0.524854063988,-0.782398402691
0.823654413223,0.765947699547,0.879978299141,-0.921254336834,0.576849579811,-0.554751336575,-0.924526035786,-0.524854063988,-0.782398402691
0.823654413223,0.765947699547,0.879978299141,-0.921254336834,0.576849579811,-0.554751336575,-0.924526035786,-0.524854063988,-0.782398402691
0.823654413223,0.765947699547,0.879978299141,-0.921254336834,0.576849579811,-0.554751336575,-0.924526035786,-0.524854063988,-0.782398402691
0.823654413223,0.765947699547,0.879978299141,-0.921254336834,0.576849579811,-0.554751336575,-0.924526035786,-0.524854063988,-0.782398402691
0.823654413223,0.765947699547,0.879978299141,-0.921254336834,0.576849579811,-0.554751336575,-0.924526035786,-0.524854063988,-0.782398402691
